Id,ED_RV_glrlm_GrayLevelNonUniformity,ED_RV_glrlm_GrayLevelNonUniformityNormalized,ED_RV_glrlm_GrayLevelVariance,ED_RV_glrlm_HighGrayLevelRunEmphasis,ED_RV_glrlm_LongRunEmphasis,ED_RV_glrlm_LongRunHighGrayLevelEmphasis,ED_RV_glrlm_LongRunLowGrayLevelEmphasis,ED_RV_glrlm_LowGrayLevelRunEmphasis,ED_RV_glrlm_RunEntropy,ED_RV_glrlm_RunLengthNonUniformity,ED_RV_glrlm_RunLengthNonUniformityNormalized,ED_RV_glrlm_RunPercentage,ED_RV_glrlm_RunVariance,ED_RV_glrlm_ShortRunEmphasis,ED_RV_glrlm_ShortRunHighGrayLevelEmphasis,ED_RV_glrlm_ShortRunLowGrayLevelEmphasis,ED_LV_glrlm_GrayLevelNonUniformity,ED_LV_glrlm_GrayLevelNonUniformityNormalized,ED_LV_glrlm_GrayLevelVariance,ED_LV_glrlm_HighGrayLevelRunEmphasis,ED_LV_glrlm_LongRunEmphasis,ED_LV_glrlm_LongRunHighGrayLevelEmphasis,ED_LV_glrlm_LongRunLowGrayLevelEmphasis,ED_LV_glrlm_LowGrayLevelRunEmphasis,ED_LV_glrlm_RunEntropy,ED_LV_glrlm_RunLengthNonUniformity,ED_LV_glrlm_RunLengthNonUniformityNormalized,ED_LV_glrlm_RunPercentage,ED_LV_glrlm_RunVariance,ED_LV_glrlm_ShortRunEmphasis,ED_LV_glrlm_ShortRunHighGrayLevelEmphasis,ED_LV_glrlm_ShortRunLowGrayLevelEmphasis,ED_MY_glrlm_GrayLevelNonUniformity,ED_MY_glrlm_GrayLevelNonUniformityNormalized,ED_MY_glrlm_GrayLevelVariance,ED_MY_glrlm_HighGrayLevelRunEmphasis,ED_MY_glrlm_LongRunEmphasis,ED_MY_glrlm_LongRunHighGrayLevelEmphasis,ED_MY_glrlm_LongRunLowGrayLevelEmphasis,ED_MY_glrlm_LowGrayLevelRunEmphasis,ED_MY_glrlm_RunEntropy,ED_MY_glrlm_RunLengthNonUniformity,ED_MY_glrlm_RunLengthNonUniformityNormalized,ED_MY_glrlm_RunPercentage,ED_MY_glrlm_RunVariance,ED_MY_glrlm_ShortRunEmphasis,ED_MY_glrlm_ShortRunHighGrayLevelEmphasis,ED_MY_glrlm_ShortRunLowGrayLevelEmphasis,ES_RV_glrlm_GrayLevelNonUniformity,ES_RV_glrlm_GrayLevelNonUniformityNormalized,ES_RV_glrlm_GrayLevelVariance,ES_RV_glrlm_HighGrayLevelRunEmphasis,ES_RV_glrlm_LongRunEmphasis,ES_RV_glrlm_LongRunHighGrayLevelEmphasis,ES_RV_glrlm_LongRunLowGrayLevelEmphasis,ES_RV_glrlm_LowGrayLevelRunEmphasis,ES_RV_glrlm_RunEntropy,ES_RV_glrlm_RunLengthNonUniformity,ES_RV_glrlm_RunLengthNonUniformityNormalized,ES_RV_glrlm_RunPercentage,ES_RV_glrlm_RunVariance,ES_RV_glrlm_ShortRunEmphasis,ES_RV_glrlm_ShortRunHighGrayLevelEmphasis,ES_RV_glrlm_ShortRunLowGrayLevelEmphasis,ES_LV_glrlm_GrayLevelNonUniformity,ES_LV_glrlm_GrayLevelNonUniformityNormalized,ES_LV_glrlm_GrayLevelVariance,ES_LV_glrlm_HighGrayLevelRunEmphasis,ES_LV_glrlm_LongRunEmphasis,ES_LV_glrlm_LongRunHighGrayLevelEmphasis,ES_LV_glrlm_LongRunLowGrayLevelEmphasis,ES_LV_glrlm_LowGrayLevelRunEmphasis,ES_LV_glrlm_RunEntropy,ES_LV_glrlm_RunLengthNonUniformity,ES_LV_glrlm_RunLengthNonUniformityNormalized,ES_LV_glrlm_RunPercentage,ES_LV_glrlm_RunVariance,ES_LV_glrlm_ShortRunEmphasis,ES_LV_glrlm_ShortRunHighGrayLevelEmphasis,ES_LV_glrlm_ShortRunLowGrayLevelEmphasis,ES_MY_glrlm_GrayLevelNonUniformity,ES_MY_glrlm_GrayLevelNonUniformityNormalized,ES_MY_glrlm_GrayLevelVariance,ES_MY_glrlm_HighGrayLevelRunEmphasis,ES_MY_glrlm_LongRunEmphasis,ES_MY_glrlm_LongRunHighGrayLevelEmphasis,ES_MY_glrlm_LongRunLowGrayLevelEmphasis,ES_MY_glrlm_LowGrayLevelRunEmphasis,ES_MY_glrlm_RunEntropy,ES_MY_glrlm_RunLengthNonUniformity,ES_MY_glrlm_RunLengthNonUniformityNormalized,ES_MY_glrlm_RunPercentage,ES_MY_glrlm_RunVariance,ES_MY_glrlm_ShortRunEmphasis,ES_MY_glrlm_ShortRunHighGrayLevelEmphasis,ES_MY_glrlm_ShortRunLowGrayLevelEmphasis,body_surface
101,1093.1887855793825,0.3287844284206694,0.7466924597218347,12.080096739969251,9.960858962654326,139.3007216849504,0.8300903195439104,0.1221468593769926,3.4128192418628154,1574.1834337199327,0.4466720220149748,0.5725220725220724,5.447053708519656,0.6809172885784022,7.6714843357734885,0.09358695979597945,742.4207383753858,0.2672677115992777,1.0244406959835077,14.70247832644982,6.287068392271792,118.6389433271382,0.44622860804972286,0.09904523783513296,3.64331178329924,1299.9264567326916,0.4453205815200363,0.5721391458623748,2.6293348013684295,0.6818618463066399,9.553575901926827,0.07227401775390375,1033.8641134729905,0.40310649385509767,0.47859549504011234,9.184518255095755,7.292226607008521,64.99961319518454,0.9072550330006529,0.1409479868326385,3.1128010472293486,1239.1570685334154,0.4520803983327125,0.5679012345679012,3.106278884541732,0.6795578849290393,6.326718937742986,0.10002471980399222,550.4135700369061,0.27003182518347313,1.0707813526295458,10.76695142252754,7.184315561040223,94.6596079968402,0.7790422626860446,0.16499439619056752,3.311449528897373,1175.1985930436435,0.5317995937658397,0.665635616855129,3.7323287013156663,0.7376336002415264,7.785099778052676,0.12936375548145718,225.57573627264296,0.2520440577157664,1.3119972832835887,13.575427433037778,4.759134452286186,87.33554285043891,0.4224156180175334,0.12416760434157781,3.2932248897526812,509.5955903159685,0.5358538093882492,0.6669339595624033,1.9223955563575337,0.747052420457324,9.71222486478235,0.09624478473069348,1020.5574252778423,0.4264430052798407,0.4544366371103216,4.127528803991958,17.419366740758,68.74333985023594,5.3479362567098425,0.4209289772813083,3.592991893814624,814.9945425270275,0.31762516922908424,0.4118048676002034,8.53219699130883,0.5705829998919882,2.464708663330017,0.2661437121091405,1.809707801753247
102,2066.5334441966356,0.2732863566515282,1.0278275731228557,16.418575291843787,11.326384994811743,232.16161211707907,0.63671320499326,0.08664389160763558,4.012487483626092,2886.6774280753793,0.37071538017991834,0.45742450349989966,5.8214334260688965,0.6269713840399551,9.503535158519963,0.062158696210909886,1302.3609505661536,0.27218805106574345,1.0539657980954051,16.046802861145668,9.590111328953611,202.11547113779275,0.5426111132645347,0.09197532147176604,3.8625496292917445,1987.683459645186,0.40466159720287587,0.4910833934645913,4.842545305176881,0.6569049036136044,9.665177067293625,0.0680999765515743,1385.341140759461,0.42078065391904307,0.425772663924486,3.399483517453704,5.752316461412097,17.5886143353764,3.043110601833251,0.5234941478127273,3.0701650284766395,1479.3420338305586,0.4300274709001044,0.5701899698078928,2.191520382063823,0.6655522561925097,2.4093792456094594,0.3402773161441752,1024.0762991524914,0.2336132997082647,1.4157096418210233,16.716836027118443,8.252943515917842,178.8824536290605,0.4970060970445882,0.09424426577927006,3.9766138669090925,1982.4767561622537,0.43405399416069035,0.5272258946046752,4.075929045936262,0.6773650706794238,10.560439329094143,0.06991490419960789,471.3973543233856,0.23987137269849798,1.2651032425844615,14.839044227045541,6.847370629002838,132.51589631368265,0.5217346195747998,0.10403421154817388,3.824304918109022,865.050868019441,0.42434958983750887,0.5387979980653572,2.966186131659275,0.6697106987945455,9.446854560192305,0.07263250752017585,1041.1083123948788,0.4400264643588765,0.408665109332003,4.409834113625205,12.731387163612123,51.891328344374216,3.838557415312758,0.37305034970419343,3.573137436817414,757.2138992216625,0.3024691012957522,0.4186881441539826,5.57524399648447,0.551312530988693,2.5856294861695974,0.21984265640224768,1.6367373408787114
103,585.895368571075,0.11222396731449634,6.519210933382023,95.59456935670278,2.317931647520705,253.8972959581908,0.02934818300726122,0.01621192880086241,4.188402165178089,3578.8892182746176,0.6750850367158842,0.7860587818285356,0.5960226276021227,0.8448652127777129,77.85265661299255,0.014533172420778813,423.29480040858624,0.10118122172198733,8.388884885680362,90.74650813287857,2.197312001635946,230.98986036165755,0.03594889406143727,0.020955936912021036,4.333459006407399,2864.286375870518,0.6770944585993367,0.7853702980606534,0.5192273750670529,0.8465669072185127,74.17098953867426,0.018740314591670547,910.6643888264103,0.23989514085843217,1.589638532895894,25.88808864546989,3.4517103349399085,87.22142657907958,0.17226534349908657,0.05473463330122008,3.641435925393099,2058.1381762730703,0.5287628581511835,0.6720353982300886,1.0579221662786156,0.7499889285386884,19.544115435981922,0.043036599546526375,308.3484247632877,0.10339615270777085,7.784967595660755,66.87531864609493,2.0327888851229066,163.64371017130986,0.04972086125136062,0.031944922175115444,4.092631827661899,2201.618200719267,0.7260354828859044,0.822772971709142,0.4726314664773858,0.8725452337600816,55.917341087634085,0.029396384601915182,160.45053850922352,0.09524109534977557,10.360813190867674,78.4170601623322,1.7372836418713054,138.8024161938921,0.0451681379837991,0.025961050173979743,4.205895361224899,1247.1460310382306,0.7348924133261019,0.8376578645235363,0.28496591333710286,0.8794450724222244,68.64108530064503,0.022804638466181207,1020.7520053216047,0.2931528813840598,1.0594416756796234,20.06745165452249,6.648873329497646,118.11905902189966,0.4135977544142516,0.06332425274528203,3.639153371635346,1575.1469542412158,0.43491786252787396,0.5507842851592851,2.8515941427147604,0.678886978970537,14.022434864384744,0.04450680828139202,2.276695745395329
104,1027.6257318135663,0.2753678194984464,1.0536434000645205,19.816943715434164,7.41808490407236,161.39629427692688,0.3875528289074025,0.066323495238193,3.6063361539827294,1748.9255787547215,0.4461872666453254,0.5964558349211093,3.553292376565209,0.6810921975263985,12.906401962873478,0.04934796614618476,836.2000975580886,0.2162525481071978,1.6532265685407692,17.577565145049125,5.035758781621319,111.17195699632164,0.34060942236193503,0.1101384005585626,3.8293811635950985,1943.1950276988148,0.4890595968477089,0.611516497461929,2.041938218496317,0.7216086404927682,11.824716877180332,0.08947986302135158,967.9206596535876,0.38464485068070087,0.5438196208986816,7.1958888420740985,5.829719372058681,40.291132425707126,1.0718129170542656,0.2031094896160036,3.229220470029313,1135.2525382614574,0.42827271202791983,0.5811965811965811,2.185854892922104,0.6632297597245618,4.743936419148826,0.14422219901716618,533.1362731551907,0.2860412943355545,0.9196933189235023,11.515572589915447,5.887502754480489,78.51374493575983,0.5886147960421705,0.13402094019842467,3.3611422157928277,995.5902991593865,0.4949777289856405,0.6475367933919873,2.478106993297487,0.7116134085915656,7.87268133890422,0.1026190284985827,215.73854685611843,0.20011797154081107,2.085644083298371,13.740006482232353,3.499021713089736,50.99102331289477,0.5312353638390536,0.1773702080867653,3.6794720619672976,586.7715701768135,0.5274660818304671,0.6748756579265053,1.0505878900002676,0.7468052574384496,10.119153362210154,0.1395472902815541,847.4922833400059,0.3511182090200557,0.6043173831454747,9.009939043788945,13.032644391130855,106.86283196999436,1.9508677324864752,0.15433349396439486,3.756518536592,792.3531251919168,0.3080133171530727,0.4574405807282519,5.973366948945131,0.5517701576460896,5.1676525635158645,0.0887798679485751,1.560891167738708
105,1611.4893051311935,0.2617998443702059,1.135582715384102,16.067530742139656,10.489781685224076,181.93529463770724,0.7023699398846903,0.09164686509053613,3.894905898153225,2635.209056188838,0.4055177682017007,0.5291969832000958,5.51438745792798,0.6531176853766978,10.127746627600295,0.06612062173575167,1464.2846642528236,0.20224585645659993,1.9433035266554137,32.186390496478765,6.930191822654239,272.6399074966483,0.20942621477871814,0.04362044377087414,3.9800380309602446,3548.7131621935823,0.4739513650575982,0.5893341899237257,3.4193521945528484,0.7109376294382188,21.557611879885236,0.03369709308150983,1508.3325489561312,0.4123103241937016,0.4637543387297499,7.029633663147631,6.0367889011750275,33.762885529605676,1.3613730852916057,0.19987023202030776,2.9183737143172834,1906.0935995508241,0.4867981814115959,0.6124930615616972,2.5532443768494355,0.708760409007135,5.416015066806467,0.13296006605731955,1207.3885402799663,0.2677656834850246,1.0885761046920195,23.964620361315443,8.782144306492686,227.60674111374965,0.3738581115357868,0.051728063083678597,3.770812993139624,2064.479438777281,0.43187175021596363,0.560750440984738,4.475368830247893,0.6733526341311722,15.769073077400225,0.0367606791481065,1255.5306006239725,0.2100969067172336,1.7057840922933294,29.555699377618915,7.66694781061524,278.08952054629884,0.24585643196812088,0.04567694262981539,3.9824634066299405,2791.554742051476,0.4488910774739623,0.5612664235689067,3.8132181018649374,0.6909467071823502,19.12428268834877,0.03438355894588201,1739.042416234896,0.4705355155393724,0.41322310811687024,8.153077406483826,7.38438505915353,55.9807661013581,1.1692452719829187,0.15940757312567364,2.964415147067356,1819.9006886344805,0.46021643784343147,0.5944193805209083,3.224473766174055,0.6855916304571792,5.846021167029796,0.10697033548236073,1.697284333030628
106,627.6606648307359,0.26754211144332296,1.0577682651221725,9.792188417743866,5.619663862045929,73.15447869581331,0.6533892736873883,0.19536504766882842,3.3393311493277857,1274.6583165691793,0.5233834658943638,0.6432510088099211,2.7302629502523805,0.7451226382464122,6.838104194721279,0.1600837066265474,887.0658692856767,0.22650762027100796,1.4416276698413157,11.076441069903511,8.32043044698064,105.63430294410789,1.0639183577854923,0.20011092963442237,3.991294180768686,1631.1173835352258,0.3957388037977224,0.5351097244766744,3.840084030429911,0.6421525101255595,6.621619592457237,0.1465967794500431,1902.3152830156598,0.5068243393046741,0.2522193849679302,2.3198813435029004,8.646210839031141,17.977324387524025,6.318307959375232,0.6737608831338648,2.92354663834113,1459.6101957172252,0.36307101582527884,0.525632018676841,3.6529879186137824,0.6037174238308228,1.4341096112496041,0.3997788369214214,311.0832619228262,0.30291001941387063,0.9471712889870402,6.25039261668951,3.525265155691389,26.860791701767894,0.9841110847163705,0.35095351996885643,2.903581853967544,700.4716168202948,0.6297923126139527,0.7408935842412236,1.1982296733099282,0.7995579840117621,5.0636272951924575,0.2876642758771722,728.958266111594,0.24604520961572038,1.2146564163608908,9.09459831238142,7.799948907005113,90.61691534478074,1.1894504894180338,0.24394062462223184,3.874724482240357,1291.6745567735,0.41202865171071973,0.5468992745257336,3.47338643359717,0.6539661406795326,5.47101523492084,0.17828316674240327,1789.9412222909018,0.5017136610100894,0.2547422736440661,2.3719589430331474,8.87970477943156,21.258216715284274,5.789654917769523,0.6607985947537428,3.022481677096926,1294.9048047486629,0.3447119845621879,0.4991814402343665,3.813590026380524,0.5925588273205615,1.411320469512533,0.3915045216047644,2.2133852652461967
107,1107.3721309640687,0.2394009392376321,1.3959967741428565,26.995348798496064,12.035808887662098,358.5189025814946,0.4421557847396101,0.047783986088310665,4.028634387740584,1964.2789839926877,0.41192354815882354,0.5084842886710799,6.901054464548684,0.6631550898711873,17.013866534107134,0.03482451264554433,634.9296911433747,0.161761628752139,2.865588760387939,35.32363128230173,5.529252177702864,238.6108209234068,0.16635348940478575,0.04511198553966429,4.2352103459393495,1960.6421797661897,0.48757950613138756,0.6026488499970437,2.406431861098547,0.7231528507080365,23.723710291938946,0.035964248219381566,1048.500433483593,0.45967475132354363,0.44009017218633956,6.226803175155708,6.469812952623931,30.716801328073153,1.53018771478674,0.21997587652164394,2.9395606537549153,1016.5691584990095,0.4291159491723991,0.5666860916860917,2.658387838684693,0.6673484952488857,4.617351667140383,0.1421066033784784,833.981985231564,0.25005661182931344,1.2295730810360896,23.887226934468117,9.84232324479192,276.0714093272345,0.39491825917235646,0.055467094594009766,3.780359964663691,1471.5017347204641,0.4232045055568905,0.5545458066015205,5.342559207120344,0.6683531760502978,14.968635394408121,0.040776709932377586,327.3285716501351,0.1612584485773988,3.0759774319137105,21.202904677390656,4.056258564785785,116.03785803090179,0.32861810807310826,0.12659406290113387,3.9977025794580032,1092.1314568672096,0.5270804824016995,0.6548393504494215,1.5231178953176108,0.7511309570672514,14.542917053819508,0.10302482452306486,844.6948919660855,0.4424674282146964,0.3755921877546372,7.102917184115499,10.57554332436837,71.91204105703315,1.840494864719464,0.17615215744203938,3.3498776773913024,666.3166799663003,0.3289816294022824,0.47182290870163635,4.530816449983739,0.577295542153039,4.2471355936648605,0.10194987960529417,1.7666607942191692
108,1778.2138155893283,0.46614313023839143,0.32780305647873537,6.495641915374943,32.78800893621552,275.4087696784603,4.211895327689174,0.19557818181914477,3.4641983141927173,1170.6219117035141,0.2748728201118561,0.3899730927508705,19.21862376080457,0.5156256196614704,2.969517086392128,0.11750568505585623,2222.2418221183107,0.3450082402557354,0.5876762857526848,9.73658830020421,14.850688569367675,184.25436115632115,1.4464131874919681,0.13616187689477738,3.7634975011150145,2273.2383329925888,0.32809058841349026,0.44352325575243245,7.740783735210387,0.5732558498099661,5.271325652263865,0.08392920367346021,2254.7270039483005,0.6149330883717854,0.20974621419090483,3.42669318810974,14.115007344072204,54.89447160987186,3.960097408168752,0.4195469439546106,2.9182501220906256,1328.649215846673,0.33465136633999215,0.4548580160448237,6.396639938294545,0.5697852772961207,1.7922690020319185,0.2878661257742429,1644.077185727952,0.4791858480050146,0.30660889170804084,6.12887728205963,32.23051281657176,261.80901958978114,4.3948740292518815,0.2089231349223419,3.4028107690269067,1165.812814569113,0.29522404045500666,0.4114198129322364,18.18880380378836,0.5340942583549071,2.950420714703974,0.12758351710246763,2083.301548456405,0.34767569907616946,0.5743283184406588,9.501614117937114,11.422580689896755,133.6478411808707,1.2428623567704913,0.14035220555676955,3.6630151012343424,2215.4012161361597,0.3404659629225877,0.47581755908487017,5.199445780318056,0.5815580143014267,5.255735706682485,0.08653824697129177,2299.5728452318162,0.6162624538808598,0.20351201388720683,3.354503612074536,14.205948234159347,54.7909569951847,4.084628599530247,0.4283578811814324,2.920339931440274,1351.5074287079162,0.3359566078869125,0.4550561797752809,6.591943910637663,0.5775455537130856,1.7639897163489593,0.29686133986822333,1.8578711093391216
109,1481.5565594674222,0.2688326330914457,1.1046635925341628,16.26484346739167,10.352050157619754,186.70275329650755,0.6776979059229663,0.09383459545158933,3.8249651798254316,2482.618505961179,0.4269729847357017,0.5396303964185581,5.533723991230184,0.6685246478711148,10.39295514825028,0.06999919073726105,1495.3108584255638,0.21443278485142583,1.6383669517502533,19.352240754640185,7.4481147513968455,161.21113320071174,0.47999388563639867,0.08605230400783813,3.963306729844255,3502.762641766261,0.46706889417821845,0.5858918317728002,3.4461121776874344,0.6968565531999749,12.91397185537774,0.06576457941573541,1942.4588292223814,0.41198848541028227,0.5455299186247063,10.567374348383352,7.713425638706302,73.65562736847966,0.8920628855306283,0.11832080242970565,3.1602867258967327,2271.844454704934,0.44818256941784634,0.5851509250243427,3.380547858290825,0.6755709067058088,7.350615615674157,0.08158198792909582,594.5831848869066,0.27150761678914914,1.005206549251747,12.916617642937668,7.116864921011693,108.42681039675531,0.6058752187940534,0.11937160189283975,3.469646378605499,1121.539478953551,0.47884878038865786,0.6170673076923078,3.393038846121262,0.7041666194284635,8.630108440462042,0.09054475590349517,881.6559602311174,0.22928260017562113,1.389363948052492,15.115902100983792,7.199857481154725,136.3171764162915,0.5527426950632264,0.11251378225690423,3.782669222309235,1992.7657864507287,0.48117910068892134,0.5882255781028788,3.2791578854179884,0.7038469261080758,10.1040625556896,0.0862098982842357,1735.9731456792465,0.41855311970228243,0.5076705955507743,5.425835162626779,10.668049959898108,48.244685047529785,2.8174389631191463,0.2993845039708077,3.34973987671476,1804.0903533586793,0.39916049510258084,0.5162962747211137,4.932376377474156,0.6338318568372941,3.662336003937742,0.2008823159236822,2.030848442279316
110,1242.5279430022815,0.3230975994708292,0.7888422249180503,21.583342932242996,12.111686113530324,297.17624367544244,0.5205204953363011,0.0558278364362019,3.6177675628730555,1568.2391730185793,0.3897771021491989,0.5190408878011731,6.87141740977428,0.637962027999969,13.046161652604555,0.03910756749168321,939.2791131041126,0.20820815522388034,1.7688871655992526,17.730031189904857,7.048772626983228,155.30833758934048,0.4370992974746729,0.10738402792360897,3.9551647851797798,2243.1969361776737,0.47985731381790464,0.5754777478517378,3.4257261317310768,0.7147420179918588,11.783637119157941,0.08662698945041156,1212.3440049208216,0.41115520063764355,0.46531863014451896,7.626545922986152,5.093257844621594,40.13378944212362,0.7917015208288993,0.18414038969650554,2.890147086051641,1644.676600649233,0.5202454115574844,0.6466383472371496,1.910152922566315,0.7263566371343215,5.527591775018092,0.14012851873484447,674.1202787268265,0.26340163095697616,1.0795799246813527,21.840253189835362,6.476071952199168,153.95215336732443,0.31360936066319617,0.0589809031665998,3.5039331004826275,1351.0110882033816,0.4890135709355568,0.6360576923076923,2.849054475613315,0.7096256765505872,15.190764155565164,0.044205103207148926,387.72507757902025,0.2006253460070645,2.031120755884081,15.01855517192823,4.694856348970376,84.86990647101132,0.5182837796006821,0.1466730269910814,3.724492729851829,1065.975254759258,0.5300131066489951,0.6403699256572057,1.8553275398211257,0.7482190328910912,10.955299746313566,0.11475472156555444,1040.4366080314587,0.37917129758978213,0.6137909243450788,10.488265133275728,9.87558859175603,99.30675880505987,1.1043253161232787,0.12277175908336985,3.4506315553847284,1113.3976761010754,0.3790734518290683,0.5318772136953955,4.530019305554875,0.6193927697568335,6.683101146956291,0.07828093985016552,1.852956707361644
111,1198.383472299845,0.24898711560932738,1.1985181065027894,17.288041064825357,7.512434175589804,141.83952527675922,0.5111189109223325,0.08219814663480686,3.696831600216016,2463.5090692321305,0.4699491315867811,0.6138998416896922,3.5074308269916363,0.6913876347530983,11.808051365686623,0.058777604005644656,871.0524007170826,0.19714827856490352,2.023966856033961,23.898219323809936,5.171895424342127,139.9743345361121,0.2652601451891562,0.0675514948779672,3.9013202322511855,2392.7517419587443,0.5163955417751039,0.6379571980094174,2.167134880591504,0.7361470825272755,17.281597975878377,0.05192591559352556,1614.663808755842,0.4393447718512326,0.46865756794876806,6.085375891035472,10.34650805938039,46.430529973302036,2.525854411655115,0.23808037559678988,3.2053587498523366,1621.405924776583,0.4218894017102004,0.5065807896947633,5.3175118425422845,0.6648148152528499,4.442439248585329,0.15833782759311682,485.63334321512986,0.2676604601145071,1.0499886628218051,11.651590247669272,6.0041076489932745,71.35179368943905,0.7545821410321292,0.13082869758765892,3.3211582940781814,1108.307210327149,0.546928490302511,0.6772843258120932,2.479322438547091,0.7374301738702831,8.69898342054848,0.09593651317011541,180.89731336714854,0.2267874880404141,1.5691766225637158,14.421939082421279,3.086614733901364,44.68925704652872,0.3736751823219437,0.11443421524897533,3.3562919486240754,491.52283353518214,0.5887166751700396,0.7230630380449874,0.8999719252170434,0.7859010904130168,11.487350604461621,0.08793311763468045,1246.35231713741,0.5299912284893851,0.28147793635603086,5.332552941088953,23.54327335109342,97.92800727608663,5.8292475556778145,0.24442553135481443,3.3822994760474043,618.2110507628893,0.2591341820521392,0.36032071376898966,12.78512816538891,0.5096334825120328,3.076487781818799,0.12721736814938867,2.0137004085140062
112,808.8345743962769,0.2949620782935475,0.8445884629505548,13.38602266937982,10.777765289608446,168.05130917223045,0.7591281010522662,0.10295574154457401,3.5339030271528418,1180.3274139464386,0.4137656876113797,0.5112603828096786,5.831954005451362,0.6623703963456268,8.373163220578135,0.0764868948764913,1499.6616013432406,0.2836253193893335,0.9675279809145217,17.55915659920762,9.35612211669391,198.93293363370532,0.5043389016304167,0.07676121272929984,3.8220307232748385,2148.3583649898624,0.38802270181281506,0.5084829039150146,4.491474022576172,0.6359087832828969,10.449082936214541,0.054501926926337596,1396.461216805429,0.4211159855945007,0.446091353451519,12.068336370247666,6.516838030528813,73.50917946026487,0.6428357510808892,0.09962594653243895,3.101328103814079,1547.3173910412431,0.4366886265363331,0.5791474561190652,2.6536944418276422,0.6674288041336254,8.14739718051345,0.06816428398694009,575.9572118966082,0.3154836436320869,0.7559560742164562,10.371720898706023,8.205122860706968,115.0403000253911,0.7091371885144024,0.1473111944267818,3.2550466070224315,860.335116281533,0.44817670044868224,0.5751554309399001,4.168283215526051,0.68692647541242,6.397533669904489,0.11625091150334278,1074.7047160430975,0.2687321324799558,1.0515948144938294,15.223526256095388,7.300907790259651,139.7369194653017,0.5091120835481552,0.0953249608860102,3.721079499300525,1742.4081369558992,0.40906702431785286,0.552004858972583,3.004458595068375,0.6464738457399175,9.167688289881092,0.06640820173116,1469.0654469938845,0.5460760145139805,0.28996850977065136,5.04714795605717,12.348341896088128,53.001706120012614,3.0494548734260047,0.26525948297706126,3.0705991602589386,1028.1876131393817,0.35714959149630643,0.4698107996133131,5.524200465554134,0.5963543203416846,3.2288158591475473,0.16673465402932125,1.978456555214226
113,1383.7993973993819,0.31930785537331136,0.757568936001081,17.021302178734977,8.6375634459633,157.58295771840665,0.520412052864912,0.07426738016667325,3.585118375317097,1784.91239043505,0.3921849769193481,0.5319695772610016,3.998028893815037,0.6378583772442992,10.557452395435302,0.05141295355743229,1279.010956706638,0.23711375400811346,1.3376905807628487,19.64013265145058,7.699248790999412,174.30207467696692,0.40516087170645243,0.07465358963149325,3.8224552079914917,2437.6853981222735,0.4343346962743556,0.5413774651601045,3.645772446100656,0.6763915051420658,12.702170512785555,0.05529572355533745,1698.7414052499125,0.4225149003212423,0.44366060220383996,5.240050254929825,6.36616891899561,31.371286499681638,1.6170615630436684,0.3046283875228924,3.104602687944288,1806.3028428368054,0.42900020661503946,0.5741109910792841,2.55184716430158,0.6673661119181793,3.5182210667620497,0.22068923685728298,928.4242187204452,0.2932489393498607,0.8576596808122665,14.58477551268742,4.912946203553976,77.48108783706485,0.37734491372157153,0.09267624348470362,3.291253386047068,1703.0762519613907,0.5067080707047148,0.6515555413667056,1.855721185908705,0.723894491749191,10.293679898640722,0.07072096320769108,858.2813236930876,0.23951136745190083,1.3407149452005425,17.064354712173117,6.509325081869678,132.37962394394998,0.45249656950703626,0.09235930339036127,3.803595415423468,1673.3953675220666,0.44652023502756083,0.5680454573226614,2.8173462805688603,0.6847645671630135,11.19864983784487,0.06751907910910321,1593.9495947960934,0.42608732929865867,0.4610217018789611,11.135965953304217,10.752633852573299,105.69415629582183,1.1725478256025945,0.10889957105720073,3.396933888273231,1359.8522908397026,0.3448555783031621,0.48088635480108854,4.97504918410843,0.5956290618514354,6.916679564044419,0.06676461972529409,1.989078897178468
114,2599.880576014376,0.2359572762116661,1.4287070495101082,24.473898877943782,8.063714052280426,213.79222878581362,0.3464041826487254,0.055747164732817864,4.0439142580330945,4798.909286924309,0.4171552161336996,0.534833692495081,3.8277732613218776,0.6622688495515313,15.583987349276828,0.04027934332557163,1025.832095115847,0.20409333151942496,1.7579222807668828,21.310924409322965,4.187760782087663,101.37216118802472,0.24365057677307564,0.07206739196644384,3.896788279113496,2460.257420125892,0.47905436488627845,0.6205121874792285,1.419756857565941,0.7135146217281165,14.850690979947787,0.05425785541674158,1568.1454433872232,0.4465606151787199,0.4110962817959268,5.331412783546521,7.772433062951716,34.14745628189654,1.977327045561452,0.28392034620092954,3.161384755824704,1421.8232488300168,0.3918205654113418,0.5058291961845262,3.339199256898626,0.6399484807719694,3.7001507465189025,0.19128226138708934,1380.8865758653315,0.23426655153106382,1.424567818711171,21.366103601683424,7.802199872997149,194.81068323111265,0.36966220429408253,0.06776385214722301,3.963456108172166,2611.276881955332,0.4252148178277084,0.5442309470793704,3.701683012709419,0.6709902045786443,13.519645878963482,0.05028173666450439,336.0733684517791,0.22573189886933637,1.5785188680881128,13.24227004407177,3.6401676516727717,61.2448716850982,0.42054122100185926,0.17552975340032176,3.547416045447048,805.190191345326,0.5321484584183535,0.6614426498768136,1.2203740069815185,0.7547405427896534,9.304685130601424,0.14468930076073971,1633.1710395542127,0.4607688283549003,0.35885034452316944,6.239154039865877,14.402767605961921,68.35812359558346,3.3343552513850505,0.21134592152927553,3.5420052417885364,1071.1049421907455,0.2917469313220109,0.3966634734053111,6.9160487162453075,0.5476328971012581,3.7401277048460004,0.115999197160975,2.1595517561127853
115,959.2301444564326,0.256905411783458,1.1516018042823137,19.71740177070901,9.47258262050116,227.35729467425816,0.4416249136435272,0.06973778483390791,3.6812224971308187,1726.2523667272048,0.4419335600568924,0.5530142433166415,5.151494371822092,0.6846699827765096,12.512255821948077,0.053409799353801975,861.5513259894074,0.2256105419227436,1.5671128571223276,24.763330491872242,6.993398037066198,214.91734844242623,0.2725030083615385,0.05669265725844076,3.851735397230097,1865.8141185031318,0.4694158267349791,0.5728592599453527,3.335648409884924,0.705264180592535,16.495931537902454,0.04342962237131422,1478.4594573161614,0.4260880798036882,0.4527436279942712,7.165483370864526,9.139742902222519,64.19897194499347,1.7073336780392885,0.20367606757327905,3.30376470205482,1495.8244838694134,0.40004922733980036,0.5283136866201753,4.035907055837287,0.6401432513398281,4.67248278861275,0.1365202909368058,422.8894920064086,0.2570203882505359,1.4036478520826172,17.485537141082037,5.607805100982636,110.92154842728347,0.37006922244746626,0.08202694999176587,3.403437017105847,1001.2703298844954,0.5564447146651742,0.684842853939064,2.4433840136830884,0.7540148101304639,12.96635060678539,0.06459378714373186,192.09918923222318,0.2236162922796882,1.5581223058109803,21.242376428907377,3.916590370515597,82.38537800921897,0.26569780831086176,0.06785783225501396,3.543199405628221,481.6612242381167,0.5334416437047669,0.6746026950268897,1.2613117102230642,0.7477616981960501,15.805433202596257,0.051438058822610176,1124.7198671907859,0.39854015793352776,0.553548918995422,8.336470317637175,25.948283186317017,233.90817161204703,3.2336580293277493,0.18468922075751298,3.8124006777291677,778.6285005298506,0.25942157208903244,0.36036767764813094,13.766441168108058,0.5100172824590734,4.106984068088877,0.1128758507646481,2.651803757143008
116,2328.44852987482,0.48118618666189444,0.29456107777931073,6.61714710297212,30.77507195728854,257.3441868017771,3.9858775527680517,0.18476231758516845,3.466635540095318,1537.0810075847758,0.2869055335200178,0.3898763547928804,18.571959276270274,0.5328396770807047,3.1887880414132566,0.1101846194025882,3328.1776775917688,0.3915203208778634,0.48507978129626245,10.776901134991066,24.839925259293793,293.1950151050403,2.334876623954746,0.11486614299803709,3.8314754570882927,2897.236083772474,0.3131984465726999,0.40475466492628087,14.460525321910723,0.560818534286144,5.746728701031882,0.06989051824273486,3150.23972663224,0.7627472235853006,0.13340466126532882,4.290185477799938,20.509244684036275,82.45073876744506,5.168110771879491,0.27410227675300025,2.8268306985133647,1462.2841095706476,0.32165797627824566,0.41266083952433885,8.85970454181695,0.5371686904972147,2.417976472600711,0.15648536138389837,1172.9659710340661,0.49472196979625804,0.27947678426667033,2.4135478769951155,23.544283200154453,76.13944360811703,10.458523203484079,0.6643723500399694,3.1813403928512516,892.0635637540806,0.3198197608041519,0.4682747058556994,12.270421259424223,0.5400513090363588,1.1983751989588836,0.389785107790119,2424.414688930099,0.39806861242696995,0.45651936762895684,4.986028364019759,24.710143473483544,124.41067439707481,5.974453132829802,0.33795934500262914,3.791407537258322,2057.1285461785287,0.3053502008432725,0.4025871564333104,13.741165756420507,0.5488871706733318,2.644679530023515,0.21028943141919806,2927.5911628907893,0.6338136835362149,0.19489054318728702,5.058231820551456,23.004181546815307,97.64867660071674,5.625902891641592,0.2319534230898696,3.1687214893047804,1574.3121857018018,0.30521208099244956,0.4022114005076703,10.80898883192568,0.5369241632866697,2.9417556009768444,0.121925173482238,2.118598773285929
117,2963.53017709316,0.31720129623326526,0.7673309786274771,11.051701379452059,11.166449319894992,140.43522579645435,1.075589097925025,0.13775382938852554,3.71839923190172,3860.132890975742,0.38696042412601195,0.5106905738571489,5.7307307559502245,0.6329760109358418,6.6449062380063815,0.09875487490576153,926.5162376155008,0.2960590711158995,0.8829074304857092,12.003165703806264,10.688591899370415,159.51911024261094,0.8294736165381142,0.1284489956375839,3.6523856773112136,1275.733971888231,0.3954741175948052,0.47830101569713757,5.540152514040039,0.6477229484937598,7.229553056031294,0.09478507883070446,1422.981493298693,0.46274789168161157,0.32740971698162097,2.959016163064419,4.910523844959764,15.433291010481044,2.3959760896863367,0.5615870224821826,2.748017775940878,1533.4901457638719,0.468751022769431,0.6170504851074331,1.6931542162143207,0.6929011114628454,2.0418291833490896,0.40230597522409534,1377.4198929635188,0.27182347915620375,1.0614792351553393,11.098383613707195,7.522532842158624,100.23645525187666,0.7700098640071681,0.15049596983774605,3.5962842512716335,2434.5977055442163,0.4525983566325997,0.5841415733739457,3.628234028058449,0.6872235455942157,7.282039986295772,0.1136183043910497,344.55515239966246,0.29044838788968547,0.9400177876157693,9.421177760452638,7.024612330369128,85.74656039431662,0.8633581454272482,0.18539462250647515,3.485601814773185,553.3339061998093,0.4443253138346446,0.5599080862238757,3.047071143371712,0.6839718704694859,6.098496450305162,0.13884155275124502,1113.724790102729,0.4923131014712267,0.28867455612024606,2.9938583394576423,12.303812816223411,44.20429566699731,4.367729698085679,0.5347252505902046,3.1362373931211494,731.675351402292,0.310813306725603,0.45369233876606124,5.930372262975633,0.5603169149383077,1.5426704019047708,0.3466659578196806,1.8635576337190223
118,3239.118823460939,0.2651526022421386,1.0724872213768681,20.713750498244078,14.156306031388596,350.9958895290587,0.6232843369200716,0.06297028251977453,4.110564871045094,4306.99594719829,0.34392829471300573,0.43234510917805785,7.986560633604204,0.6027246967317784,11.537735316583055,0.0425279649525953,1433.4397450312924,0.2536860211855815,1.1517383570529065,13.985857355982416,6.317898609209212,120.21456778587657,0.4546875556068054,0.11498013809072663,3.739483780128571,2484.755544179741,0.42943833306394263,0.5496601491151899,2.7072257676426754,0.6756641143393948,8.55102384019353,0.08762000918344534,1665.369751705165,0.47386146810445956,0.30460127314938296,2.7917304062727526,4.502769239983588,12.555668536642438,2.5350461077431414,0.5856900373727281,2.6573683812248894,1755.651764884008,0.48012085555080625,0.6264481414374348,1.593191927894056,0.7034760037427221,1.9941274755523926,0.4125802836268008,2135.2948813632206,0.25928554747257115,1.1186233876249505,13.139520239954985,10.69070929329261,172.47226367686625,0.8490265985341628,0.12749548499008256,3.990887507200511,3145.0996522660043,0.3718918694375811,0.48059152217533313,5.658852634419452,0.6274652754146829,7.648908047094645,0.09037570236574691,636.1526342865644,0.2556775148496201,1.1186132209067716,12.405038968638543,6.209907865705691,107.0745430986913,0.5542616208004321,0.12697078417903873,3.7355842947350597,1103.153072627892,0.4302244128469122,0.5489279544761712,2.5828039580019353,0.6744787970911196,7.8187276497348925,0.09186595633970811,1244.0590263108302,0.4935781934261724,0.3386698105470919,4.117523035587466,11.52105777247942,46.057491908439104,3.3992877614533294,0.37964143090271946,3.404455393515818,817.2475584943387,0.3097114381842777,0.43144159347303235,5.004759459278031,0.5561150947518607,2.3352310255343474,0.23583377389702762,1.7492765374637085
119,1716.5680982144645,0.2426224957925919,1.305714766394362,22.3517588819595,8.09226232089139,211.55958326048187,0.35451466531440823,0.06126923011417848,4.0277094536998685,2903.961109802636,0.401858092512481,0.506862409247124,3.800837856878045,0.6545727303851872,13.643453545617577,0.04493711683872365,1210.2703891339593,0.2226760639775413,1.6493424797888538,20.24231271802188,6.782012493243912,167.886272717032,0.36114385342258026,0.08830253982815198,3.93319950481585,2427.140659691414,0.44066790614062057,0.5431707994935615,3.1273283773018443,0.6878736940874042,12.693960005705549,0.06865017003618855,1590.3521854322162,0.4533783439528128,0.3660635843646193,6.575165662100511,5.635409219940793,29.26034826286948,1.244754684271763,0.19467972713453593,2.87784781433411,1596.0558649793243,0.4401207853804955,0.5741568776051534,2.240755820452171,0.6776847729692458,4.856124207820513,0.12527186579984037,1275.6695382650676,0.2467081116118687,1.2284846307329895,13.464180016450275,6.349714157725999,112.17122542152097,0.5192972809218559,0.13425851773713288,3.7756720254100173,2262.239842409269,0.42900055911372525,0.559742922876863,2.839015039119644,0.676443890114564,8.236740086809025,0.10415315040073728,523.1102602334335,0.19220047665365933,2.105027277736956,18.321875231121002,5.001338684442004,120.46277244930346,0.40847257510569995,0.12125202121499605,3.9645410558893266,1283.8088483399988,0.46469511037609557,0.5962634472060162,1.9811599868022047,0.7060536307514341,11.842961838079917,0.0911455177994705,930.1296836459701,0.3632024262723765,0.5869177677954032,8.676619324560686,8.04790952211895,59.213941993406564,1.403652673086822,0.15306364431538563,3.6123375675335723,896.8182801369524,0.3387080081501606,0.4845366834756756,3.2036240662956024,0.5894408531234269,5.469116301456755,0.08552295483865649,1.5860231830055629
120,553.2981302562109,0.2706007356558693,1.0017969403264924,14.55352001506187,5.877449759648991,109.56508794280924,0.4060127112589088,0.09842381205467861,3.3629712732414947,1088.5145293254195,0.49891770485257236,0.6356074006788736,2.5183553354884887,0.7213475769330666,9.769824604441483,0.07668277282187576,988.2207516240996,0.2413821362932338,1.2868803603073844,18.056931808163636,7.95437616217146,178.77166955360423,0.46108990879903167,0.0822153706996078,3.7318814399393747,2119.7823022802377,0.47754513439146684,0.590460872941046,3.8090635295473403,0.7036917543535653,12.187687213027235,0.06111065551045862,1654.0751811384248,0.4611524847929261,0.37058401599864244,6.56877989310173,12.01809289895281,63.62281966226237,2.612305278677042,0.19084609467547656,3.2117171773523108,1509.4381663647584,0.38249239901853505,0.5103697224036938,5.6307762535572055,0.6207188799466736,4.272996077350238,0.11520987613897163,347.9162773932813,0.2596837099141405,1.0966568803288435,12.262875303815347,4.33417224929108,63.52438151527471,0.44233200258051075,0.1254260391877042,3.1979210569053973,837.747162315867,0.5731409120242984,0.7099688094948757,1.5666141066451864,0.7655187556319915,9.12524013320692,0.09951942498535284,800.6582096603709,0.24232975183898522,1.272357652652546,17.338425066872368,8.843340292368518,193.20601730010446,0.5283665060779107,0.08508427195215133,3.6454659371136398,1682.3638587188643,0.4709193520417246,0.5917785188655844,4.615828641784516,0.6999888717693652,11.500840564506568,0.06310844576460425,1719.1072714668012,0.4592966464060892,0.37595102444964434,6.4491555929531055,15.764068998440642,79.37124920556295,3.522383459884423,0.19855499279937996,3.325695735808532,1474.726977947767,0.3555871946615928,0.48222492633526753,7.7986060596624425,0.596346095717951,4.104886281425168,0.11628863046686236,1.9235423309463997
121,683.0123857551706,0.22561788128216323,1.5439837431584764,22.90354978481451,6.507936912526569,192.6794329143218,0.26762717611697184,0.06526697918285758,3.6830887741662766,1565.2559974510857,0.5017582032956285,0.6131235573978991,3.283730336293167,0.7314949233056952,15.519068756281838,0.05290309106294596,601.0068032356577,0.16533906059057607,2.8780683146097155,26.01163598314131,4.989596647171608,167.28096823294916,0.23699993181658366,0.07946107778165955,3.9805170785784165,2087.742288855981,0.5611571642782989,0.6487074006301335,2.318949922242525,0.7741006276900969,19.01988585630481,0.0666049844657831,948.3031893892278,0.4081125954011646,0.4782558700071608,3.9534478873379464,6.852857488681211,25.7144258361165,2.7063467634064255,0.45519285884492905,3.0882924576196538,1069.559215005998,0.4289776193111606,0.5830613830613831,2.790897833087853,0.6607430108987278,2.688497202673439,0.3165610605108008,342.09097488364273,0.20059506029001212,1.9945417085590647,18.531487218020537,5.134795930328871,116.16488740394688,0.375879024429243,0.10157779401877644,3.626173935387884,1002.8746642034961,0.5488482353690103,0.6739434478564912,2.1332061207012005,0.7562854715284758,13.534657442999425,0.08131649373756314,210.02036339740428,0.19403361901744715,2.6649912127394426,18.285069746053736,4.5407118073528085,82.84434902046638,0.608552838436683,0.12294634942635357,3.7661122929017887,586.5468839226737,0.5200453257453946,0.6542213883677299,1.6675734642244464,0.7412047744722721,13.573254516527776,0.0892674509090656,779.3015802033781,0.4062762390936274,0.4581267934356937,4.340946118182921,17.20715103042256,73.62957981841006,4.988839493955398,0.4008966458635045,3.4790061518358235,642.0500427587993,0.30245408525087863,0.4448028095826839,8.127438683708759,0.5423823054534572,2.3942142762324803,0.25391847033704595,1.8827762326311281
122,1357.6649644808958,0.232372097766649,1.4923898900784351,20.791017763297784,8.295560667453032,183.50649613369492,0.455763039220409,0.07230504464549042,3.8964782634026816,2953.2104407963343,0.4671651780028244,0.5999729620116263,4.045935960360651,0.6955853510670563,14.354850360237561,0.0539493301306938,1284.8133244443352,0.2028232297259791,1.9881779890142037,21.121763867133552,7.147367681440001,187.67662497095353,0.380203961660916,0.09644134417510777,3.9878598231551368,3089.5960352040174,0.4712948012838967,0.5873668942837242,3.5607800560829688,0.7089275945905897,13.945421869634796,0.07823660758500035,1513.505342228713,0.3987684918380006,0.559090571560865,7.668605098205333,7.530893890456381,51.397135163443174,1.3560150227299477,0.17547408469749678,3.164513794280983,1867.6856543856275,0.45477681795612906,0.5848379338813309,3.293997452873204,0.6817556346311757,5.433609679011606,0.11932458612059406,637.2881916608264,0.2269814850837826,1.4691539775460656,14.825399430414281,7.029774499879151,122.6663028888024,0.5631028621153324,0.12939809710503772,3.6423360332727297,1573.8702527143275,0.5248513846169367,0.6436316040822823,3.6103952359544853,0.7416853301103785,10.600753696621151,0.10512008552652191,730.0243307292992,0.19304819968573905,2.1444932205194003,25.596698582958034,6.956718722524597,227.12952657675956,0.28304559771587345,0.06272927856443154,3.92510159215927,1928.0111400173057,0.48860880984202193,0.6017023053587002,3.4784244790436825,0.7204270063316867,17.388323342485744,0.04870897580912503,1446.9602660285398,0.428178636181167,0.4189968502681325,7.287195556638294,12.98183556010222,91.78649970585313,2.170894890441318,0.17469270258828903,3.302580813649212,1341.3508361978616,0.3635614095904539,0.49988494903242137,6.167472472075553,0.6077099570209922,4.435502152831038,0.1106596081865853,1.8328056518919318
123,1190.031159137533,0.24718125652276346,1.3643392537758179,20.813018814771436,6.709145296496699,155.07043999948064,0.3390297070995792,0.06715132596078306,3.936575261887109,2130.116385898327,0.43309109819483554,0.5454720498525254,2.962888863990053,0.6804581869005558,13.311527021902691,0.05090510864070559,961.0769701931699,0.21242578121010383,1.6860127028497547,25.914356568489175,6.233301431015827,203.32343398029332,0.22635299575003281,0.054821380112889964,3.931473761976778,2125.2230064044575,0.4640912600337565,0.5607262302914476,2.8519583098465655,0.70656751142418,16.884825741174783,0.043016459587808385,1187.2023105189828,0.461805434143827,0.3973431793849533,5.588406500632573,5.9681544889927425,27.97636579632908,1.4622815770204258,0.25739328114331594,3.014607019956723,1053.4483862531372,0.399430520066934,0.5483433859373709,2.284451955657388,0.6402845318818341,3.8786231009975176,0.1704621750415962,571.5284228237426,0.2020147278557207,2.123892011980599,23.541309690638236,5.424634346990695,139.39794412759298,0.26726136641422016,0.06487477454998893,4.051209261164309,1347.03510364618,0.4621490774516011,0.5951399996768617,2.238627294869827,0.7019940046738097,16.22301020991458,0.04910439316975413,364.5395864200847,0.19835006264976662,1.8860478068999444,15.509800570365492,4.277159862198436,85.04838502196452,0.40062980255337344,0.13715794946944382,3.871013617172765,894.8390763272275,0.47972240422201956,0.6163896405102436,1.5137057266332536,0.7170565888781932,10.32182130991091,0.10709778101429707,982.8253823977122,0.42306423330284526,0.4220887272880765,7.258055116915516,8.117893362433467,55.86120587411793,1.4170310242571238,0.18246459964781916,3.4185341921632255,818.8395247037438,0.3413215909184882,0.4844513763828146,3.265403384938522,0.5921044778109235,4.416904133826161,0.11221117409302385,1.4488565535384406
124,1240.7486360471355,0.26039706723808975,1.1405693970357507,13.912142183661485,8.601774660067479,136.80421740875965,0.6799985742229775,0.11660370909394072,3.709890955920833,2241.9631850693454,0.4410733546033377,0.585363514291195,4.308903481162289,0.6739342410492439,8.89160526691607,0.08720435190482546,1294.6584463392587,0.2052792875092854,1.8662693761477942,20.008166169473267,6.554354579576232,164.65736583586798,0.36852189017151493,0.0888275286958704,3.981551698356669,2998.2932563778377,0.45878098171612847,0.5782197721217619,3.0088802707520865,0.6972651643738552,12.978589316630995,0.06851239347138816,1549.6938901030005,0.42194407693680325,0.4397772395878735,3.655337861060017,8.358125298209355,28.628595539745994,3.6000969225264727,0.4851437914656695,3.2153138494908404,1561.21591325625,0.40037226632998657,0.5349819808624331,3.7378307602001213,0.6425701422324044,2.4516882230652337,0.3205593365221509,738.8273090558221,0.25882167133691925,1.1194430662484705,12.474876734797741,6.4027443332429685,93.7616658675259,0.6171001427982008,0.13711516908885077,3.4492609260228324,1519.4055125765324,0.4926501483043356,0.6390532544378699,2.8257577905944555,0.7110693528341518,8.36732175518316,0.10666864959080549,902.3286666652416,0.2212303218029351,1.7477025151820844,19.349662848446947,5.372454113120447,119.87727929642993,0.39104740746631084,0.09870425239534933,3.722376561529379,2162.1798507599565,0.5046979678630419,0.6221156798375097,2.21347633162331,0.7263226519518209,13.391275196107701,0.0763428298200871,1997.3843980374472,0.4515128120392499,0.4650700140706828,3.9293616121734627,11.201532995236834,41.85399455159517,3.9136536051774486,0.443419882222848,3.2929557656782276,1718.7967366849646,0.3685607006074804,0.5063172671970051,5.4814805521078265,0.6140161873686752,2.526289849646259,0.29157133119571205,1.787549510848197
125,830.0252033655249,0.2758729292676888,0.9796376965311591,12.367414134810312,9.032611106400815,133.01550550353642,0.755371964344367,0.12952330231385764,3.616935667342194,1415.4863720022695,0.43988666107904695,0.5704932472108045,4.54233708618304,0.6775392462973565,7.984271916788458,0.09808473680995465,767.849727588092,0.20428835663328726,1.7545047690256559,14.449351027241676,4.0174784484567185,74.12805880706911,0.41270647811257716,0.1484144811650331,3.6999713277899327,2071.5026166748476,0.5321767615741172,0.6572338880972227,1.4416968553423422,0.7494031384194416,10.224105303324414,0.11951451611350988,1339.907614856587,0.44582797296727644,0.37228720959918005,7.097904252878821,12.710753090012208,102.28912393723877,1.77469701124078,0.18169766983655988,3.2559988755691958,1105.8691438583182,0.3455471830606659,0.48232915689112954,6.306771075918249,0.5939480520863808,4.0558796555367485,0.11821362549975568,356.4056668736727,0.2558244597210738,1.1321974484935657,7.8833115368343964,4.9149398727523455,53.77781531455199,1.0618798416982291,0.3037291559782387,3.263566683767203,789.0412175221524,0.5311304983493309,0.6704034220812743,1.9911974966356933,0.7442471680778208,5.413121170328676,0.23862167030337594,207.22930590330907,0.23157572759626324,1.5848542205327214,7.870192474688418,2.590042425257182,18.450779588878405,1.1150845364627562,0.36408816455375387,3.227451808965479,594.5616146986814,0.6366906677105342,0.7612438625204583,0.6403298369801327,0.8129361136420233,6.454553339066564,0.287599002643139,1506.2502899963306,0.4876692705644138,0.2909079593900002,6.297408257654614,15.630324767619076,81.67219527813253,3.3833018699023847,0.19225127070360262,3.330954487725511,895.4294337244503,0.2763304984803341,0.42521042382710666,7.744967675915826,0.5034295381874707,3.4275474241074373,0.09236522062544615,1.9804708065701984
126,1517.653232089038,0.36283213695395217,0.5358713391621428,8.89250929413722,9.197350392376993,83.28822747014829,1.1736112813663857,0.1488730778397814,3.400702836121191,1759.862765287225,0.38935184666619477,0.5244148838468305,4.114021395773381,0.626140753556615,5.559943443947592,0.0979407135303664,2238.7365853874044,0.3252275478988666,0.7093805723019705,13.838340196666126,12.552667190809911,188.28529754997848,0.9092569772421943,0.09245924604817443,3.8162891100352527,2469.2397234963983,0.34540883583876614,0.44793182081317673,6.542715386392427,0.5994464930661543,8.135818201613828,0.059808071828888934,2113.5525609261213,0.5013758075302689,0.33290838252052635,4.988293745560194,7.893149997220025,34.437894948843635,2.0162891853521785,0.2870278315446141,3.0171508166874186,1741.1646913296006,0.39319908839084877,0.5267567038559404,3.2887954028504973,0.6325598120350292,3.318751783792543,0.19175122331235636,1105.430721577711,0.35346433914079733,0.5697260532483602,9.040163205943763,8.185499178510224,79.34777336995002,1.0140236139416412,0.1521546245102528,3.38569252386907,1380.3496810724027,0.40705261685172467,0.5504396959390795,3.5546281069756325,0.6396275601837306,5.634121773662944,0.10440946203532991,1788.3737009815327,0.3233115819122298,0.7148163837525666,12.9359173401991,14.644518891084083,217.79971667750942,1.0740560701751432,0.10100950795760331,3.8478873138834637,1880.956488735125,0.3270857622602822,0.4234495894754276,7.868687929501904,0.5819034558321257,7.313666946011335,0.06430948906451589,2105.941430212324,0.5038658289805927,0.31517104813599495,5.199613063114699,9.350422426549708,41.86709501923679,2.3114502271870836,0.2654332905323983,3.098418861783745,1640.122041705114,0.3713887511244469,0.4981907035738268,4.052740548771302,0.6135928119832815,3.383440118652186,0.1689537247700237,2.4280051810683774
127,1489.351941432498,0.24577559529410892,1.2921573436648084,16.883180195747364,8.04722480712425,135.15496213365145,0.5724118614194336,0.08611614994928568,4.087281725467726,2338.9758114679153,0.3796882178666443,0.5049809316175005,3.7432664882868774,0.6348263759802601,10.46027437422511,0.05993052702883727,679.3893527023768,0.2463443275677698,1.262034810706094,18.340540665082855,6.9050262319013305,145.96883405261485,0.3893266447015383,0.07868864229639573,3.936610397892747,1111.5342637485626,0.3977674868822313,0.5277798240832141,2.992224137496769,0.6512011007500907,11.011117653773974,0.05837914909341553,856.7625636839476,0.44486690057290484,0.3882735121824525,3.5075115480195533,3.938113186508897,13.458471221413703,1.7319458536621382,0.4873179118557298,2.730506866092864,1001.1844619614677,0.506561614162056,0.6419319260266243,1.3342164202083484,0.7302032940280286,2.596509185659786,0.36906837928089814,932.1335185013345,0.23244384339544422,1.4334349464785263,15.53637765228898,5.5842112081198,88.16027935889724,0.47380462657986794,0.10267902526827123,3.9331304963385105,1728.3868098796006,0.42302541067984556,0.573833796725363,2.2362671343471474,0.6687562655296448,10.217289883914582,0.07364046568241109,324.5789243509199,0.23926083530575315,1.2847268185032874,15.75953998112262,5.336649409494923,107.6314064532819,0.3613505191909069,0.09795987051770094,3.728984069976199,631.4248405637688,0.4577457267381257,0.5797830374753452,2.130312781973854,0.7006782562233913,10.144771937091045,0.07493087642174376,666.7141164502051,0.5021642940535525,0.39505635442748194,4.673276617490274,10.472305401914658,43.094185869570886,2.7561463033052913,0.32804483204624924,3.3028718332897613,427.2068529710074,0.31370162370876936,0.4308447689789752,4.419985935172884,0.5651603418636317,2.876135234860432,0.20957980945983798,1.1527036111281062
128,1776.9989422354988,0.28473928406691107,0.9591795904118723,19.724263002589925,10.343451892075743,232.69408044715573,0.5143468939370833,0.06462488697189468,3.8230114899682737,2587.0196106359163,0.38854319387508685,0.5198974530744753,5.130881008709651,0.6341789786755192,11.99043806397164,0.044661115168048944,1456.984119018071,0.24568104323325485,1.3168160160085733,13.889024476034944,6.633600722022951,110.87844057789933,0.5520316846500838,0.14130703181091714,3.7863192408038584,2712.8738357250404,0.4420795738196985,0.5645713528359264,2.961055606620952,0.6834098486507998,8.758077408759036,0.11135041817827464,1780.0695038212652,0.4616215399025,0.3473505705688303,6.688208312890295,7.496462564378561,44.43196874398201,1.48539653703839,0.18383949098372893,3.072042356750509,1583.7388428002373,0.3887168227291316,0.5356567154555419,3.059620835333376,0.6323456438432272,4.364273594986768,0.11501150193939616,950.5841176120132,0.282063229668993,0.9516120441143052,15.321708555003239,7.234012854688212,139.85742772437396,0.4712119768005412,0.08818680139250677,3.464612829361145,1648.6521675645333,0.45451033786153755,0.5952692035494582,3.2722941042976266,0.6852485615840755,9.76490101575865,0.06532754013868879,565.4013941705126,0.20986587322107708,1.8142847474305734,12.903845424443556,4.119085557797188,59.20222946627071,0.6668620760349466,0.20332309842133184,3.7458446770065,1404.750363374253,0.5017798884880504,0.6471644332568298,1.3811697450233118,0.7267462736279572,9.059847246990115,0.15699781063359897,1400.5705479307946,0.39704599092421755,0.4891401157922504,7.91843721301826,13.889234373068003,91.34123108511106,2.525116426143475,0.16215579784683096,3.599219892096753,1104.1107088173865,0.2983662267604814,0.44205838214648785,6.799868004074019,0.5449288386011526,4.716547774477889,0.0841284324042897,2.190777939198377
129,1310.8076067980896,0.4031553339315741,0.4601775234565565,7.526349550024144,18.511262539499633,142.3065689336031,2.8596097534364606,0.17112528960187628,3.4410807879279526,1279.9772377783936,0.34235813098611156,0.49638375689438213,9.293837064349747,0.5706951926805298,4.361293199402144,0.09983996664772818,1595.215599941934,0.30156235352764704,0.8072539449614321,6.174130040582099,11.899305844290335,76.69478880875933,3.0829588065718623,0.3337976388024443,3.9412551960931745,2030.2937360058413,0.35413821943509327,0.47472349496823135,5.593048606183904,0.5953318442077257,3.730481182312211,0.2051912871500077,3098.767031510215,0.5486766027862003,0.2520751012865492,5.66658483938729,40.59572430439057,171.61328625390084,9.902249332924345,0.21008142009630223,3.680477307476685,1362.3973646638935,0.22486931472931992,0.30203786093660406,22.547082576771896,0.4702141167407459,3.0980999164665777,0.08960306285325745,928.8098425576356,0.44293023749975996,0.3864503084300921,6.930665884449889,12.302100076332714,86.98118306241503,2.0723185725014566,0.17915535355164816,3.0265199533779454,1031.4422516419736,0.42142211295593196,0.5789496021220158,5.612050212345579,0.6222135179405751,4.406951098071617,0.11046678198703798,613.8232257762022,0.3293178630657125,0.6951540393590955,4.954557432517935,6.586971752427927,36.397908986710576,2.3096991567617735,0.4105262855318488,3.502725436851338,811.4340928104067,0.4053092704427205,0.5521382743110258,2.344143837779866,0.6377845223042554,3.121635754335789,0.26611405334316546,3032.262788133159,0.4994805307552366,0.27446245671934133,6.202206064943168,36.09016372115727,165.30322915787062,8.445591310805527,0.19209692962831737,3.774665779544166,1361.0694675608868,0.215612124033813,0.30743019885063316,21.056892272600653,0.45829399066298043,3.1868941398908603,0.08002788324941687,1.931691159042337
130,637.7967367411665,0.26010153116533014,1.230874639460699,17.413766567426663,7.096379460325492,150.20207037547405,0.4043133650689067,0.09187835777593246,3.626545352396065,1195.874644321454,0.4675411499213458,0.5917636022514071,3.334931181727188,0.7040902756534548,11.469551544360401,0.0744249043589546,472.246091961897,0.24528796531192115,1.2687001670998868,12.184827801494322,5.419212158165221,78.93654182675613,0.533449311859414,0.16340490077194733,3.6037482716666744,924.2905644260702,0.46899767053400965,0.5897357098955133,2.235223418298179,0.7077023068554091,8.098231922979366,0.13237433561596954,848.1605036271596,0.48227874158717027,0.3071963854075013,6.025290823165924,5.65038139466113,30.626475910363208,1.2129315815959432,0.21209810689044176,2.8193373649329647,786.4446925592235,0.4266587991687745,0.5835366636702196,2.08151045724767,0.6642151854376401,4.127873723044141,0.14274716929798145,349.25936314494777,0.2409426344105539,1.2889767850177707,15.280281947629893,4.171550697850193,75.40539798803277,0.32630136712327634,0.10838304771580803,3.3497551533087533,921.5127117929565,0.5900479102550177,0.7105580693815987,1.526403061161162,0.7788066377185606,11.520042972804827,0.09081632762310331,163.70494529597585,0.23314687489431424,1.4201603309589617,15.605733864607767,2.8228504987366,47.8797871144589,0.2496615248588457,0.09954780499385817,3.2681363340099567,444.22453553945604,0.6074924382225618,0.7413177539759819,0.7599471905066942,0.7966591036322997,12.26632445244107,0.08093952083758908,792.8399194002158,0.5034495123025721,0.26496388241941754,6.058686505619582,11.640979829823642,55.44504537602583,2.6708248114240742,0.19946633784916218,3.0892993455688083,513.4024956934109,0.3135983989765461,0.45292966143168567,5.346914446046857,0.565411429631393,3.7882176804180285,0.10544372333696021,1.7509860834975879
131,1180.6423686849034,0.29217705416014883,0.8795736972455455,12.841790807851508,7.8729117122809935,116.64999758660748,0.6321496660980622,0.11053558703372923,3.5723790903958283,1901.325181033802,0.4376076522280986,0.570540051848463,3.5842016932272363,0.6723445957039632,8.332518962709342,0.08114763211816035,903.5451288365296,0.3348481727836289,0.6577181446022574,10.466890062692821,7.881581573405149,99.03084964784405,0.7861305577380023,0.1296903927237521,3.564586228732243,1112.8432057967618,0.3903180459524042,0.5236484969999851,3.357938990817393,0.6324830989797672,6.331060938971491,0.08761004098559332,1249.9873131682457,0.5070388596615757,0.3274048394121443,8.35376234011987,9.038249479775725,78.55770996361596,1.106039704733138,0.14300754720341982,2.9799903240166894,988.5577477248103,0.37510015322190415,0.5198410080485553,3.79869186077093,0.6120144221040188,4.993750075784688,0.09482177677279596,706.0598431652196,0.3006209569544818,0.8307652466206557,10.501627058018425,6.8064553598867406,88.79479092731488,0.6812695166757666,0.14454486969167885,3.355609318525318,1208.0861794534046,0.47520468053904086,0.6097580372586835,3.0981323331576154,0.700839388105962,7.047545734172583,0.1096900133882856,339.8722077923075,0.3394596931189528,0.6512556246588482,8.75974287537924,5.5079508385451605,44.97525230863213,0.9203167217393649,0.15929920178552545,3.3095915990293343,462.1786651913289,0.43373554414986126,0.5847953216374269,1.848424235527158,0.6649342599477216,5.874597831201305,0.1066835901787968,1129.9580661353966,0.6219607037672505,0.21482203779591325,8.217360240136127,28.068009064906292,250.70207642152693,3.183500698150015,0.13865190714816536,3.3247533075374966,460.6247019273238,0.23901007797436513,0.33474073096714607,12.746528193356028,0.47882794541148493,3.6230818345253457,0.07755255251542244,2.214269156738835
132,382.2974830727195,0.169921482208988,2.529467996075743,19.92684353877951,3.4019788084201013,78.66887968513335,0.27026242255912813,0.11466223514938222,3.681051337499859,1500.478727138173,0.6407959115395995,0.7450491269154406,1.2776671205257797,0.8212214336463414,15.930835429491394,0.0994821164867023,713.101308891597,0.1503819865974971,3.6262577774282123,35.637019252959284,5.40529219402167,234.27127308813039,0.18150578393159836,0.04991837582906866,4.1418588858985235,2795.7730284656795,0.5619478984920341,0.6654627098789536,2.529638319614272,0.7700967422359436,26.391457207816345,0.040654164216096425,1417.6115377215392,0.4447491845689328,0.4105426984489212,6.790633644819402,6.721386144755639,40.8215684772078,1.3311992430547765,0.18863294958387503,2.9287748185806275,1580.0044950093957,0.45595641400183173,0.6075666888347004,2.732387425706447,0.6779900176821589,4.787088492993717,0.12604822159142923,223.50472621378307,0.17743852929329343,2.6943164217597935,22.21716814197811,2.8903014370015847,76.22773137568416,0.19265514785748247,0.08151655895490463,3.4907898018336856,899.3986632380918,0.6780986211344359,0.781559405940594,0.9416482225860314,0.8389239357646571,18.186943787113186,0.07007125234947023,488.09132771995394,0.15887066418972826,3.2138477146358757,20.7317923923743,4.906375002058446,143.45066754986752,0.4122540175187512,0.14320448658846074,3.928198756356762,1837.2888231872782,0.5736665822342768,0.6668891967221323,2.216605516334029,0.7797801393292609,15.078001431816803,0.11737803218071187,1504.38538506808,0.46357439818897067,0.38239600500703474,6.957884947767486,11.947370497181671,72.44482995633497,2.3173326862916146,0.17722860017416808,3.0481740671501454,1377.7413971366962,0.38490092581844204,0.541975724881996,5.7546049566223205,0.6155797171932934,4.564252697997797,0.10401690218296294,1.5702515357098739
133,1926.496818134719,0.3674379538505122,0.5597692336864265,7.545647425837411,21.60798083559667,170.86940096191753,3.2626134094827637,0.19895062786410833,3.884370556066162,1717.3960875126816,0.3061321699326846,0.41396335017750546,12.108642545356076,0.5597599203039988,4.150746653652835,0.1250130473096582,1674.906455453565,0.30452200265689133,0.8379713833031713,21.30078448488964,11.777502670412824,270.31765338188757,0.5602084798083548,0.05676003028290836,3.948409080135957,2025.0195968624682,0.35149330665229156,0.47056919377427797,6.001062597255963,0.6042047199469008,12.482270606449836,0.03663015097811935,1502.6143969026043,0.4459985066024892,0.41965054632367055,8.264259517541738,4.364036425147331,36.37644105575986,0.6118593350215298,0.15901484729070267,2.7883187852092375,1800.1339372756474,0.507743394811399,0.6523853984699717,1.4694946134844762,0.7229629007806188,6.007499285525601,0.1193488880571763,1711.4840851394138,0.3410302703215754,0.6612021597953917,14.285976806397638,16.050373038252182,233.5415321701015,1.2291884231920365,0.08682332239708337,3.8671567128934945,1859.7959974914334,0.3437837855747592,0.4490452025055655,8.372802365630575,0.5946805875921009,8.434293833242098,0.05444585610660842,1610.9032465384346,0.3067952166322022,0.8199654756810909,20.745015942767147,10.166377685585221,229.4397240467685,0.49292995637155035,0.05854048270242041,3.8694091941956987,1982.5511855358714,0.3606606217724622,0.4854380034162622,4.845181981773312,0.612170695259618,12.209751795813075,0.03860397694918908,1481.089086915953,0.44050974842798285,0.4250169718152962,8.649994569395092,4.521409225097765,39.189051780481506,0.5907388212653295,0.1478635864012962,2.795857525080033,1782.73139640701,0.5053235283095486,0.648034121286757,1.5813515509426757,0.7227559883277942,6.294653050773369,0.11083905587449884,2.1172682362398314
134,1407.934294910026,0.299479416239342,0.8472859820973361,13.76211089491848,12.257183570426935,173.3616916092462,1.0114660329262224,0.10241632506303619,3.3438742657517277,2938.543099664289,0.5554834376299833,0.6348889337426832,6.9083724904427,0.7417159817575119,10.222425428164659,0.07853632648108354,1049.869542416195,0.2143034359582185,1.61367705446148,17.007516425947323,4.3839821597946615,80.96627142430762,0.3887610737473005,0.09858653393565532,3.794458659515114,2606.424074126312,0.5034079774035015,0.6472236036822394,1.4965436052157801,0.723482987162908,12.091466982435001,0.07382491825477601,1945.5413753566947,0.39531219810344503,0.5236258947631666,4.722876122989273,9.483994158711432,40.72528049030893,3.073499481287629,0.3754471695337353,3.2720098315177855,2361.5591931438216,0.4398692376725944,0.5654645377970151,4.4523252961702955,0.6685104720888124,3.3026934450086785,0.25740060726935793,496.78297706285053,0.3074845217265991,0.8707851131634996,10.212694969549688,11.065712437091547,140.81608703155075,1.2109601947559545,0.15405027544739935,3.2223294970952234,948.7502259891224,0.5184874184598011,0.6436483692801384,5.980629692412355,0.7222460868972648,7.221103611491405,0.11550271726822925,204.25559234813346,0.2742399589495978,1.198212135038103,10.94359170378859,5.311252704363725,43.38792841108779,1.0086009473419624,0.14746080088877106,3.338782100502031,424.46031982976507,0.5304758767857789,0.630586546617081,2.0501249797351546,0.7368150930376024,8.563444180270162,0.1019600519056835,1622.2233242384896,0.5140499650983045,0.31983593855466047,4.070336544768752,38.091164068044286,153.30032112069665,10.680980571415306,0.3780531398555079,3.7545004331574146,820.2951964471376,0.24639069167167682,0.3357355990492085,20.768399055685222,0.4974661950562249,2.1588228883324914,0.20206164477099497,1.9313561673246709
135,1249.2312481555111,0.25813671640748914,1.1713561675549828,19.41391421804725,8.315130012288504,193.06991055637633,0.41669248689382893,0.07078328193322249,3.677967358528237,2424.7553795946633,0.46901282315628107,0.5879859387923904,4.255917803422926,0.6984955344280214,12.858481918986033,0.05373860766001312,1664.1990723231224,0.22588525820993274,1.5837345496888242,28.19238323863511,10.16861948572043,340.29014226935317,0.34893268663908006,0.04866373541569717,4.030543883169034,3358.991961981654,0.43137698502739646,0.5329413088740081,5.392683177369426,0.6706287778965545,17.826025067737685,0.03588181868856131,1838.9390459625572,0.37368107285447033,0.6153795083449649,9.326954061527672,7.600495777149153,67.91783691278638,1.0984640574681883,0.15846742176577544,3.290349615622883,2538.31800038606,0.472678087419862,0.5969193084930992,3.412933856992642,0.6916130794892297,6.458355059981349,0.11562030915238893,571.6039569283109,0.24847676126373608,1.533458679267535,10.88735915579019,6.267072944803583,75.72245636191869,0.8830895621313906,0.1904233286268987,3.474076518827614,1397.5023562976708,0.5547578175667762,0.680032976847505,2.909773603972459,0.7514314946039311,8.133401014692776,0.15064255946187233,1197.5918987006087,0.22340232658389578,1.564881978365892,17.144688332275464,10.389587049835743,228.86892458434278,0.633015900720022,0.09828134842008304,3.9880044605130367,2406.7289634563244,0.4214190416062893,0.5219431140650962,5.444772996822946,0.6622966096431395,10.630423330469066,0.07162836833104962,2142.7607267886697,0.4132196800730558,0.5314802932933156,8.55344383986435,10.182279695442348,86.3235609155268,1.4021580802656166,0.1605036239771421,3.2918677055274044,2451.6790470403125,0.4338571320888587,0.5557322161652869,4.891473388729679,0.6635931453212767,5.686010951821465,0.11252794319235006,1.8893748376805812
136,494.74809023268597,0.16211260945412007,2.85064897202023,26.015953419753775,3.1713021610962104,92.5410737489566,0.18300772101257287,0.0699892170600811,3.709346195298074,2147.433378376916,0.6575177428086646,0.7660136007243445,1.0328615191631665,0.819986382981492,21.01262555601774,0.05889993992933739,485.2461620994913,0.14557694228389084,4.3386302258151,26.29372371815143,3.2802389708732482,97.2736998271471,0.3125290835307117,0.10148661299001857,4.013494674936962,2031.4050345194466,0.5848023870794645,0.7152061855670103,1.0283229114613321,0.7840458051381766,20.082266225978017,0.08116537545591013,1526.0705635333152,0.5399157764255567,0.3192401837114609,4.240169299159181,14.755280755042143,59.557617532815975,3.8962135328675505,0.353342261079359,3.180890864246876,900.5651218704575,0.3086060294710572,0.4524215574390603,7.302788060413544,0.5534357404687964,2.4283445827272696,0.22576156051156338,243.09174389536363,0.19894615145088881,2.0251874518303628,20.07693016230991,3.6473403457272657,85.90811592694202,0.24292570648113693,0.08782489127324342,3.316249035314916,897.0264667416336,0.6884707488269448,0.7772814294830886,1.4694154356362334,0.8405396750879492,16.64293886811935,0.07534850595879548,163.31563004483365,0.15765359666638842,3.610618783314206,24.852671866427674,3.062369214109133,85.97226910760426,0.28380010130806377,0.095956676658844,3.7356230080348976,677.8811116812719,0.627426889542432,0.7450121924185323,0.9575375848173127,0.8116923544537353,19.770708706086513,0.0777236403954046,1352.0459071317796,0.5815416171877529,0.30421741071411773,4.17734747242647,43.48081932850115,174.62220541793184,11.0967900539243,0.35036738457782063,3.6151092002658007,477.8308620485716,0.19984845318384936,0.3015999080392505,22.402003549148624,0.4243880601512374,1.8405179476951121,0.1911973991852597,1.931691159042337
137,1586.9010377971483,0.3257383750624448,0.7031755438120211,10.268663722327764,9.922526162425193,132.16733326411588,0.9154250727161231,0.14336806343939007,3.2464454635377797,2793.2182167885,0.516759518401776,0.6102641832084802,5.311810579354861,0.7222672820952485,7.115471261651752,0.11078992956815523,1170.3184605330355,0.29235085296429286,0.9030249060310654,10.99908525606165,6.079539992729271,79.85557957328405,0.6383513726094667,0.14801579260300768,3.1793770155636256,2590.225108412204,0.5880910894731024,0.6855880670099663,2.743372893089703,0.7673446591917569,8.280003574510388,0.11886239218745846,2363.082960545353,0.5292344793348739,0.29802910259616366,3.6446310425960724,11.336259612599854,40.13665926713982,4.34789623589115,0.4259072537965202,2.5498358998222628,2922.721478323664,0.5799454492649437,0.6631490384615386,5.48119910756148,0.7458695084678845,2.792271045487846,0.3089148173311157,609.9492268982592,0.28443980399340674,1.0698276231266843,7.829798710776928,6.846812465197088,74.27127953543199,1.259255105678489,0.28461925662412696,3.0249066225767915,1507.8131161205533,0.6220781958242606,0.7227070254499988,3.345126598869079,0.78101548132118,6.155230227487989,0.22465704377231777,240.0670545473627,0.27433473327202873,1.1655954147103509,9.25936645759306,3.408182729243661,37.68454835740006,0.5920879367825674,0.23302768259398293,2.749158341391083,714.4251336610561,0.7494356428634943,0.8092798383605138,1.1846808967636542,0.8556778146182528,7.992769303731436,0.19930351886891423,2074.7310718895833,0.50823965768197,0.247289117619176,2.674088760976095,21.885350373185346,52.26060567396857,14.292652078546725,0.582593340313165,2.8608491420961877,2062.4385291810754,0.4408835887913543,0.5293840336218743,12.567477608068902,0.6698782644197098,1.906985943532601,0.3617168751986756,1.9981330038360279
138,888.3940296797812,0.29438415857789796,0.8890913519820288,10.576836597005896,8.579459389074817,107.79887095587961,0.8567086351926404,0.14896136688229508,3.609791982482688,1368.9800529327742,0.42949209951432954,0.5517007762879322,4.239204568374851,0.6691985488056192,6.647985996142544,0.11177609075846087,1169.143560806814,0.25952190918204043,1.182758956610877,16.700357843262456,6.75960278592983,131.97683869125288,0.430343405338728,0.08880014303427565,3.6897495691164464,2305.965119899928,0.48523387084603403,0.5980172129797396,3.147560184946985,0.7120301183424438,11.500693207619806,0.06725088183638538,1469.4152804145447,0.4490699010602868,0.3558909287290272,3.0854836640669125,4.614750897103525,14.183726036499031,2.3259261854730737,0.550313303491399,2.7378814893423145,1698.314687627876,0.4907669235150926,0.6324338837427843,1.5786778179312277,0.7106347778712786,2.202376938426176,0.40361606390214483,476.95101840106474,0.2692965697556518,1.0691627815047955,10.49399808777446,5.420058564264449,63.08622886303912,0.6619602257948014,0.16543171331536002,3.443377845956207,984.0476561394717,0.5189144610656027,0.6517786337373965,2.2660335892118533,0.7323925727031609,7.366835468950577,0.1312336239793024,921.1610151186943,0.2602457295442163,1.096532134782558,15.090709331484355,6.478634367179987,116.10383382076068,0.4733547485232411,0.0995786742041064,3.668110052422293,1780.4090004152845,0.4710268731914899,0.5916308515840132,2.7687915076012413,0.6991843952451161,10.043968043366458,0.07495280796693897,1385.7477198644,0.45783276166078274,0.3543940632603246,3.303978438016316,6.425750488397929,22.23512391641174,2.606042062609876,0.5076338673197491,2.971564686089164,1345.8744683831558,0.42234682639131205,0.559301427468032,2.506436756375286,0.6599623525602519,2.183615245564955,0.35548327351540193,2.1821860622799614
139,1015.7573793497636,0.24814270117958176,1.4352654392857116,25.364385198576937,9.199709168701263,255.05673818726524,0.3778704460388847,0.057637720637090786,3.8207638428734634,1917.5286900877288,0.4499336731894031,0.5624833182085089,4.914891340441825,0.6917259879522428,16.857771753725277,0.04456070785554584,946.0090695247503,0.231149183085258,1.4804944477605124,21.78468517378012,6.6986513977928945,169.491391531717,0.3119584033068747,0.06779390207095372,3.7855969446486872,1992.4565339276473,0.4718250630668575,0.5835352965262331,3.1503966426466503,0.7089872338586131,14.525139203387209,0.05338116457830577,1027.140256451822,0.42370372875529,0.49944212551256695,9.406501574730257,4.864977693575095,43.92120883934308,0.6064891841647563,0.13657044480213942,2.8636569582517546,1328.8536489411329,0.5186907289378604,0.6473749137516466,1.787438933768353,0.727713375185987,6.923137829535768,0.10315116950696794,713.7894244753278,0.23817471909005658,1.403190771266058,25.476776995599757,5.180716183175222,138.90052444019204,0.2233932198622657,0.0524297672001136,3.5039380142569954,1833.2837659968197,0.5688151631635037,0.6886718471519214,2.2195427812620077,0.7642225202321249,19.25139262948809,0.04188682552442665,423.43895245420623,0.22786493622135645,1.4123629613940545,18.85751717725631,4.27211826871811,97.0356916442994,0.2638784660510111,0.07977005091440435,3.4690770072695667,1083.7116674059243,0.5500754815017579,0.688861675163045,1.6094008131949522,0.7591113580334294,13.848305676886099,0.06299927482206355,868.4307671156247,0.37536799844499236,0.5913951614342248,11.492052819408368,7.524412036803424,83.40906894907276,0.7661847940808989,0.11205614388367202,3.2135565897374665,1169.1952087778739,0.4704379883678254,0.6018243920397602,3.2937514745009846,0.6952803589564909,8.01856982708977,0.08111688207697586,1.428888676038381
140,1196.508590369861,0.3275998213322232,0.6830845724826773,9.041577176614599,10.00232190911495,113.00483285911137,1.129796321151336,0.1758942218001211,3.4992334415927866,1548.814945484664,0.3929341200854128,0.5414916328076578,4.812034594015629,0.6310993009105578,5.291432601028124,0.12679437157466816,986.7459261087058,0.23136624881416315,1.3678124331443748,9.993461359501474,5.330444265416337,68.70027478295366,0.8617304455079823,0.22895220700222996,3.7924981073886763,1980.5390570406287,0.44161286797707294,0.5961860584976163,1.9677429052961035,0.676139221432401,6.29787690044212,0.16971587757525058,2123.3933266462127,0.5008337305158548,0.2612356365259864,2.3797955589058173,13.772630707782898,31.56196543038027,9.337663111287283,0.6626716235022374,3.2880609277655384,1388.852592105934,0.3056411840255539,0.4422131180528167,6.420180710381913,0.5523514171851331,1.3197746093717238,0.36756024472192755,643.0775330710619,0.2829212524929965,0.91382212083116,7.906723285123656,8.073811739457126,87.24811859597753,1.2415377341115255,0.2546871520260438,3.3914922454556287,1142.9189832010516,0.45885388805136174,0.6095927116827439,3.830817396361332,0.6847987400892328,5.011342880165733,0.19395885828242868,381.3822911831379,0.2966452397356844,0.8638312395115584,7.545796156719266,6.909776501286733,44.793237231506275,1.562327535791385,0.2522021065946409,3.5004218171428385,614.6582229021928,0.4468791050185286,0.5765765765765767,2.9227740661509674,0.6765952664281909,5.2285238940991405,0.17901624593645624,2326.087658013337,0.49616801287660955,0.2694406162288334,2.4091394681112934,19.554196337800978,36.79748994990676,15.266071992782749,0.6593437610259643,3.552280547497666,1220.783278829649,0.24890802458645983,0.3766221704888801,10.037029101559975,0.49082485535337445,1.3030005686480428,0.2981305267400215,2.0479417283915544
141,919.8724566713798,0.3403860426190367,0.7269497942882465,14.598700573412028,14.477772993369776,227.01151171471182,1.0126409042217075,0.09017339580600979,3.618448389303447,1165.6422788209613,0.40005237992774134,0.5193993615969068,8.128351474670927,0.6453443844785807,9.351625069111227,0.06196947817145111,697.0189320560158,0.19542638110596647,2.0370535251344344,17.929724757100793,8.085067202548263,144.8493234928007,0.6262157465450098,0.11143909753159709,4.274951775130545,1509.766166608751,0.41181706735403734,0.5390006093845217,3.8553297294761197,0.661001526287033,11.596405199044183,0.08300265996610512,1164.361376549341,0.4082993503723241,0.49053451292650246,8.116121401357077,4.410130928784306,34.45005467155522,0.7021688835340429,0.16081046012020297,2.9291994254789224,1484.6061013675462,0.4940234786439807,0.64120977765502,1.5283416268073111,0.7182716528955493,6.02901586590317,0.11443026479636703,744.7571658341245,0.362429218319276,0.6266802747325225,13.861878807270369,10.650494587870478,155.37361871775406,0.8159353884622428,0.08798474231976947,3.312859554475502,1061.279718588439,0.46121291755011395,0.5893146369062147,5.2634832708576536,0.684260769384857,9.430547144434831,0.062101565921886655,593.0384690020936,0.2382146406129163,1.3532842406277334,14.300372843033786,7.998888593174347,132.7181182887313,0.6662207862629721,0.13099688545866264,3.9448996063359445,1070.5092404546622,0.4140087809159595,0.537042293499858,3.655209846184171,0.6621256680312645,8.922815584838087,0.09849069713078752,1111.0382323898416,0.3847826389822255,0.603952758105159,8.954793201672338,6.61461688279103,56.58966680539799,0.9077982282637566,0.14786981293948198,3.247450933125185,1325.8882186785913,0.4340562040547941,0.5700874954429456,2.7591305320777835,0.6736998621579976,6.234407459358426,0.10125788253897595,1.809707801753247
142,597.7451337021033,0.23040733922768641,2.2894688080476433,27.47835301680709,6.812796532567463,152.63062295682892,0.36029784642873797,0.05099791524649984,3.981029514279709,1337.0370848216587,0.48695024527378467,0.596528819370045,3.073930601999394,0.7146944172097318,20.59755824294083,0.03652490958233914,928.9867497092729,0.19570684847797756,2.0976543443037787,22.618535777345603,4.907189380724345,108.86278919824323,0.30463036264815396,0.07203246242413616,4.093720452571099,2317.85453991633,0.47399405941963096,0.6101400854590698,1.885416646896265,0.7094386827112052,16.002784609339294,0.05364173268488973,1044.3945629628013,0.3004856858050054,0.9599992560501668,15.762370307928958,4.809019135933297,77.40309312567106,0.36473780884934653,0.09352523541094246,3.463764071853114,1752.3594926176922,0.487224365028901,0.6250261619389137,1.8256735681876668,0.7165224275182459,11.121889651613689,0.0724112820733073,324.50945932688654,0.22178167689405268,2.532203776549546,24.90421777526437,6.487807083033972,129.21472490612567,0.39337349393859533,0.06180484301776232,3.883455768505299,783.3814924666605,0.507399558578639,0.6244500733235567,3.0193770696119184,0.7280190315038566,18.941824351047117,0.04597899939325701,738.3834492907179,0.21633133615937514,1.6603752973171528,17.832453274899585,4.688330567813171,89.07270786043685,0.3516745639331044,0.095216126269285,3.8682064460366354,1747.5135854436862,0.49321083209098143,0.6265392391104577,1.7716887184070063,0.7223147202498088,12.513629998163008,0.0736574027908092,1082.6767000111731,0.32264949610259774,0.8288281070335244,16.974757796202628,6.2839518195171,105.81936160569151,0.4271582366564622,0.07952718554445037,3.5006433289015058,1587.5191382307178,0.4494351666827268,0.5810052860236458,2.5540061022541347,0.6843181114050686,11.619021246807016,0.057740973557034746,1.716051668226058
143,885.3042193460485,0.27787678659228277,0.9757428274430661,15.510466934784505,6.304157597320866,124.42680887800374,0.3893388159768278,0.08970890028153745,3.4988650703158806,1561.4673768585894,0.46642772401274823,0.5937657114127703,2.7852282938121764,0.7008539447490095,10.18280452306064,0.06883814476723019,780.4625030447265,0.24051981773636846,1.2936305128134544,19.378256727732364,8.467673137607303,196.83797921121962,0.42186702812959165,0.07320168791639649,3.750665117207764,1513.108777680017,0.4491983347247206,0.5423580109926973,4.359996197360425,0.6912246999477476,12.769751566668635,0.054716454859356084,1623.0569073141207,0.47392489243176955,0.3154366760096166,6.027398829635546,4.8887508862524225,27.78704208107134,1.0339151063227585,0.2163702822064413,2.748360600746355,1696.0159941916272,0.46809055932787075,0.6178794932192286,1.6857280467865006,0.6934869896914815,4.214837950103196,0.15441391105702335,307.8355066442624,0.29105408356387663,0.8576150744060678,7.7218083008567024,3.7967311791758105,32.43094316880991,0.7355622189120523,0.24939675552211885,3.1459536296011765,597.2703241955576,0.5287483192269112,0.6846353128736549,1.1177720331124255,0.7352478846232476,5.531491214524622,0.19813413544434766,329.5512541126227,0.23195093056485214,1.4915425998050447,18.799297656958434,4.30864807275078,89.81991850777337,0.29454030874238696,0.08100064592026789,3.565261345972097,756.5802056856678,0.5085593093890725,0.6514190553803635,1.465702129485243,0.7305602884410372,13.205803235474994,0.0621406244739149,1147.0772838465257,0.43802271939878545,0.39320141869130143,6.7850319005846975,17.784841042382713,138.84763281985545,2.60657597472964,0.1982967342202173,3.5268514859445834,809.7493474991364,0.2938250394918236,0.4150722998229392,9.16583054598788,0.5479197979300813,3.4526378524190076,0.12550840873821908,1.9039273495823659
144,1276.2958514107124,0.27332633458997624,1.028577449041368,21.253380437603987,10.367227829192895,254.29901558777027,0.4645337461332701,0.060829035904319775,4.008592164078247,1722.1737474435233,0.3599808840267866,0.4668719801170132,5.068997299258838,0.6173226149400078,12.205133745241824,0.042458768670988745,1190.5884712243694,0.24010097181031098,1.3337568432065712,25.80076142719359,8.444409848043911,251.92926071484936,0.32059773582895806,0.05163575230910662,4.123681576436178,1886.8655139655903,0.37133345576901294,0.4891668884748469,3.8239088468460385,0.6248972334594877,15.146194064527116,0.03599142958771851,1101.6921175854231,0.30111753321254436,0.8976270410465693,8.057419870906319,4.735659287455076,37.463708240646234,0.9223183986498653,0.238691622965312,3.4457707108845503,1793.1967268088197,0.4717389208131217,0.6133160956690369,1.744483368923641,0.7008494414416844,5.685941666749926,0.17899354691101513,629.1268064613201,0.2197232928787887,1.5111351933517272,17.98013543951164,6.729922080602705,154.95629812259907,0.3759378128909734,0.0889651020460601,3.9331343791562454,1229.3583302510776,0.41936367761261856,0.541319676174448,2.9798321468203044,0.667447663528313,10.936959767848508,0.06768800532355448,450.44207180001047,0.21712569375804705,1.6061630865426793,21.296448217919245,5.4311130682368525,141.67704596921774,0.2868894505315346,0.0700064095765748,3.9714340370594807,878.6502596385837,0.41343696231300914,0.5619027792234829,2.0113265274012466,0.6593589370577638,13.16453941593238,0.049624845859059914,1148.7877654196427,0.39836314436460313,0.4911814554311481,6.6884195552981875,9.45161278504268,55.38606351391456,2.008567759386744,0.22029517953908753,3.6118069878665406,994.5387387461896,0.3296980517077777,0.46449656338168216,3.9188289723111422,0.5789297802606324,4.020475635269377,0.13377911729871012,1.9031365319240376
145,1124.3018361252225,0.34322752442287524,0.6747636098116381,11.456119434540833,14.964999110860475,205.3591903592931,1.2396980848253696,0.12277983149504802,3.7352340564394373,1170.0017981240667,0.3321467431104953,0.4634365776856149,7.749688523683195,0.5791515247039564,6.259924102272829,0.08157407595026353,915.1170606768155,0.29374153266061787,0.862129826694235,10.052026415297547,12.306204745930362,140.97272956757067,1.3906381792717535,0.16146544701239426,3.9800470813293676,1046.8443048339338,0.3188071066060745,0.45780631402221145,5.861734020584952,0.5668217091552157,5.414645637287908,0.10242705307907705,1481.61238015909,0.4498241053670998,0.3573749160076919,7.189118525597376,7.77032737581766,52.47519607346339,1.370464492594382,0.1751155053073224,3.121802305380003,1383.7944586104443,0.3909354127740769,0.5421772602914042,3.141541965592968,0.626796411158244,4.616070425535016,0.11065732591330636,620.9359643080671,0.31903013818813997,0.7332078738068628,11.215584322698067,9.383840256801621,124.41006136341163,0.8448272778773153,0.1226037821412748,3.44761335341606,906.5240098629906,0.42709780974485506,0.5717812811452387,4.610997298523186,0.6614771268727082,7.066377135645725,0.08809557645800802,704.4813391028474,0.31096122128324455,0.761426493117846,8.02179064846397,14.399771970885983,141.76709309358793,1.894993689284463,0.21911820110243757,3.8515875119810685,791.9343364809769,0.3271717153540558,0.4522745079964973,7.345246281412312,0.5743450951701956,4.191191837518721,0.14562518167708222,1425.2310830544263,0.46259979873287804,0.32867578375023054,6.717074405088837,11.05978541970763,70.67401797534845,2.0549812668976553,0.18890883371956696,3.294446726139902,1124.2329679066652,0.34170304801107654,0.4795320232546966,5.089328818594997,0.5890121148402837,4.054172515607092,0.11326513129046653,1.9641572406471297
146,1755.8878653238,0.19438864558175825,1.9724516537281727,27.171099013553814,5.9730691028491805,183.40008657388105,0.24239636060146946,0.05365615551385697,4.147133757499166,4181.272099143189,0.44997203397514074,0.5746689835776696,2.563641964590016,0.6924364210764691,18.118678258112336,0.040414364109522344,954.2559242750153,0.18130525770041214,2.3012341802327168,30.26681529892749,4.49124933079022,165.3348608508451,0.16049046945253856,0.04914765058430553,4.0323779843655965,2574.3992238263504,0.48223004183562357,0.6117182050685888,1.6704947520004056,0.7192092472909388,20.311640001667016,0.038449202267055546,1659.8698142105713,0.43387567007512773,0.39885304634373375,7.076084092066143,5.557524400539356,36.46376531590268,1.0178414817333832,0.18024345804284211,3.07151528701538,1602.0365067196192,0.40442640417285514,0.5637468066988363,2.011684668675549,0.645298000689352,4.745741554182526,0.11586121642724803,1347.8116870139866,0.19634400644342595,1.9421904624652515,26.199497910863876,5.7981256455752455,175.37705685685142,0.24501845038679138,0.056891375343389713,4.078919582269663,3264.56578267503,0.46505846716629134,0.5802327849665128,2.577124331795323,0.7046869467529995,17.891401183939294,0.04293957009285839,402.7340522076451,0.16723357847753934,2.8286499855864937,28.286439698101884,3.6135883269155986,116.96091035151242,0.187168368810995,0.05867265720505675,3.9375266431511573,1363.5119648191005,0.5534826238768608,0.6721606618513835,1.2361611972238153,0.7689064856660945,21.389128724820214,0.04566224842714187,1312.1612021902386,0.40517618027169966,0.5544883237638314,9.188422531905967,12.351960265068291,107.32458231938864,1.565442950032792,0.14082972090711302,3.714212345109282,1059.6050827089487,0.31468127290072795,0.4216707156033588,5.627981051486236,0.5705845975928152,5.470361864469053,0.08402005639511434,1.7717033959125974
147,1087.5112449693947,0.388927351587499,0.5029449224812008,7.351105834870525,16.351397836926676,139.76077649724746,2.129046644486894,0.19390679505028383,3.5833878813967903,970.6655068890874,0.3243197946780935,0.44105085903943775,8.813100889135326,0.5737647243817129,4.002844923335728,0.12788833819455056,1344.838495172757,0.2970177293823247,0.8489161090595035,9.651110582213757,18.501575322451345,252.39875776376584,1.6606301210896592,0.1742765522917555,3.971002095753226,1634.7043725704293,0.34227340468268824,0.4147046791462709,10.688557214783843,0.5984553296289747,5.188246597376135,0.12292639653445857,1670.9047805448217,0.5039552082198525,0.2548717243190263,2.3508928269856844,6.134508849012298,11.670107886332366,4.755438557391104,0.666892082869891,2.6853242192526543,1540.7246752634937,0.4368151614766189,0.580277241621337,2.4133752921842637,0.6671400277347114,1.6738488770122897,0.42002456050850157,726.926116117486,0.39999767339509634,0.48678999692697916,6.488599335888195,14.76042897216872,119.0254538297148,2.1121436014193975,0.232041122023111,3.3443676170123835,713.7331254340342,0.3610147803981605,0.48395285959010137,7.725514714064089,0.6071019211197793,3.6293574366033656,0.16540272868977698,1111.2618829155106,0.28601677806049297,0.9079929039868282,9.071950918694018,16.729162177868446,217.43205418618714,1.735585858640444,0.20811716787950643,4.010437010873999,1419.4637471318592,0.3433800432046172,0.4249630786109118,9.009126357376562,0.5981581920409232,4.833615094594363,0.14620486645317327,1662.5878450069963,0.5309932002837977,0.23979453642448328,2.141681316544695,10.625403894790367,17.820631382891175,8.829940034125416,0.7177881542826227,2.919864164398996,1240.9011549043714,0.3632932240928408,0.5011862027847818,4.627472825343132,0.5977241204136199,1.4300029718137774,0.39282925899701343,2.1735813345684085
148,1311.652626651175,0.2619655820369802,1.1046398247593754,15.96400284526539,9.144007081395902,173.6429230161336,0.5811415449855819,0.09421403526518797,3.701566281365664,2456.0955731875883,0.45620177268919104,0.5769855289688276,4.6383550757301455,0.6902165852158663,10.581765337573243,0.07154658026830805,612.86159391567,0.16868360904529978,2.751633076910423,23.397926074539814,5.505279978721287,174.72621046642206,0.3031917890171638,0.09463975306414271,4.151751928789609,1845.069559968933,0.49107588515486333,0.6026898147556283,2.3408091067037193,0.7227991151050137,15.548037470823926,0.07555069855709752,1004.7114921109983,0.43620113745535066,0.3980348678221991,2.9723190012814067,5.66131121570206,11.780949975111788,4.286908431230197,0.5936107068047494,2.8560768498421223,1114.1063176782757,0.45740221498803113,0.5937046678457166,2.2024213194058326,0.6860850341944841,2.3064100663853346,0.36116911730373025,838.2828970782716,0.2533168900647977,1.222127597360433,14.876138448327678,8.358157859588546,144.8796337217792,0.6290270834152345,0.10904603300787429,3.5254474698897194,1957.5561376813107,0.5454473057956981,0.6509099829809416,4.499633950180127,0.7506567834591951,10.782133499610355,0.08595843966429481,223.82276109414846,0.15701071337744443,3.135099547148237,18.60689912605854,3.5019500928735763,82.9752273551622,0.5180344327044145,0.16979689165604056,3.877177997569518,846.388446467666,0.576404440215746,0.6929039952295765,1.2109613029196131,0.7832633321152571,14.034747992572125,0.12877603706994856,968.8605595991726,0.5008149386361332,0.2624137526228026,2.7824451319362185,12.652614316118235,35.09859541514204,7.054166192503024,0.5655711711649732,3.1994985453703655,647.9951127451102,0.31269577753106775,0.45837523541350494,5.637926257767725,0.5563415204619152,1.5392212617359031,0.32149695580137805,1.965822948746196
149,777.0813713462824,0.26465745997221996,1.0358028173985874,13.192064108150682,6.3375089350505736,94.71959547707742,0.5300599490006366,0.11605067241271463,3.5318572727056314,1490.222920886849,0.4788707508146502,0.6067862042561337,2.8013919224042882,0.708222171004652,9.0045800416144,0.08969230512707618,1054.9471265025622,0.22576763641298242,1.5606130885139633,20.703808464024885,7.263925691811488,167.17302975390788,0.38955577032748906,0.07891620025898062,3.9548294200496406,2130.2800282902326,0.4441472273136094,0.5599293089014975,3.4318569236086462,0.6884915116230028,13.491145063242353,0.06141298804187004,1255.1970162592208,0.4180650755372974,0.44294429178769573,3.8290738929826706,4.778094731888677,17.49459442521458,1.9352540179520556,0.4607244556216935,2.888865364962318,1490.9508163273692,0.47403756497954064,0.6283024991885753,1.719426121237357,0.6995861478561095,2.733427916323799,0.33644053792241374,410.8481596188163,0.2402769087843678,1.3209657573633087,10.225954023939575,5.729974793924516,75.1395041881019,0.7359471691398505,0.2179578452716479,3.420594302414391,985.795914801603,0.5409685890772091,0.6554862732350245,2.584056744969878,0.751624184523129,7.238937109925321,0.18125913843836036,721.3852337566491,0.20195937260248845,1.994791180174912,18.747160053696515,5.46164521098241,113.93485753534688,0.39548575514334655,0.11772392335580051,3.923658191495894,1815.6424710006713,0.49311216613082937,0.6115888941975898,2.332843680585368,0.7244003794365598,13.027560252405893,0.09520100619527971,1168.4106765220886,0.41922305198537474,0.4941252399183539,3.16818165595032,6.646028785027648,16.57449982183013,4.378884849722585,0.5949980114760612,3.0842642495410653,1274.8212912424888,0.43175861971070584,0.5774294670846394,2.724665118882197,0.6684122897985763,2.2762635294538147,0.39203721306710715,1.8970365492489758
150,2385.3335595906965,0.2400447646636178,1.319328232244675,18.80813174240287,7.667170135257553,151.4707299149605,0.4568251142981524,0.076276884890508,3.915275010535633,4742.5912342534975,0.4574118848558426,0.5538650697092545,3.7713962107300896,0.6951050142498734,12.65581178740577,0.057260472366921604,1299.1881505805156,0.13691224174606748,4.120542963071283,41.12974816473873,3.4181193392565956,161.30826805156946,0.10823874133115036,0.044022071152829696,4.195050725339646,5693.283154315136,0.5810066537675671,0.704794238211922,1.151115041098959,0.7844323536759022,30.881847427649937,0.03735985034433104,1882.5121216338227,0.38210660924702794,0.534758129648605,5.927439236534009,3.384122625691797,19.17714392034863,0.8385667170308226,0.2788534002102264,2.748791384930315,3068.831988508856,0.5959241148678375,0.7154724116971701,1.0999453841467155,0.7852728712845983,4.708331116390712,0.2260319038363288,1267.3022616443523,0.20047970020315364,2.127420549416219,20.418586941519873,6.843647067265417,138.65462398569414,0.45955500054220116,0.07952635061291395,4.166184830031162,2990.6692782708024,0.4512543638217733,0.5774858943873028,3.0884000446675652,0.6908078669775979,13.793208965709823,0.05837777461453078,677.7875961214463,0.16782697482202455,2.7935301168758926,27.570196413926364,3.7126572920062566,125.80785887939106,0.17794125121098162,0.06468387908030954,3.8823313092235763,2476.4963308686315,0.5893656265850059,0.6896510909162645,1.3259584813732674,0.7860912286192825,20.771962025602598,0.05323446695908996,1574.7965800081295,0.34304048400387305,0.6545461778194479,8.122497036085825,6.142230839497409,46.44645967732124,1.1305623597637113,0.18804853912419597,3.356796787500736,2259.366828540963,0.462524390337516,0.5934037413404142,2.478604398908816,0.6937759486139543,5.782719345606414,0.13133606142022736,1.965822948746196
